displayName,positionTyped,score,0,mins_played,yellow_card,fouls,was_fouled,error_lead_to_shot,double_double,triple_double,triple_triple,poss_lost_ctrl,duel_lost,duel_won,interception_won,big_chance_created,adjusted_total_att_assist,accurate_pass,successful_final_third_passes,ontarget_scoring_att,won_contest,pen_area_entries,penalty_kick_missed,big_chance_missed,saves,saved_ibox,good_high_claim,punches,dive_save,dive_catch,cross_not_claimed,six_second_violation,gk_smother,accurate_keeper_sweeper,goals_conceded,accurate_long_balls,missed_pass,clean_sheet_60,effective_clearance,won_tackle,blocked_cross,outfielder_block,poss_won,long_pass_own_to_opp_success,totalScore
Serhou Guirassy,Forward,0.0,,0.0,0.0,0.0,0.0,0.0,0.0,0.0,0.0,0.0,0.0,0.0,0.0,0.0,0.0,0.0,0.0,0.0,0.0,0.0,0.0,0.0,0.0,0.0,0.0,0.0,0.0,0.0,0.0,0.0,0.0,0.0,,,,,,,,,,,
Jens Grahl,Goalkeeper,0.0,,0.0,0.0,0.0,,0.0,,,,0.0,,,,0.0,0.0,0.0,0.0,0.0,,,0.0,0.0,0.0,0.0,0.0,0.0,0.0,0.0,0.0,0.0,0.0,0.0,0.0,0.0,0.0,,,,,,,,
Andrej Kramarić,Forward,0.0,,0.0,0.0,0.0,0.0,0.0,0.0,0.0,0.0,0.0,0.0,0.0,0.0,0.0,0.0,0.0,0.0,0.0,0.0,0.0,0.0,0.0,0.0,0.0,0.0,0.0,0.0,0.0,0.0,0.0,0.0,0.0,,,,,,,,,,,
Dayot Upamecano,Defender,0.0,,0.0,0.0,0.0,,0.0,0.0,0.0,0.0,0.0,0.0,0.0,0.0,0.0,0.0,0.0,0.0,0.0,0.0,0.0,0.0,0.0,0.0,0.0,0.0,0.0,0.0,0.0,0.0,0.0,0.0,0.0,0.0,0.0,0.0,0.0,0.0,0.0,0.0,0.0,0.0,0.0,
Alejandro Grimaldo,Defender,49.7,,0.0,0.0,-2.0,,0.0,0.0,0.0,0.0,-6.6,-6.0,6.0,3.0,0.0,3.0,3.2,5.6,0.0,0.5,3.0,0.0,0.0,0.0,0.0,0.0,0.0,0.0,0.0,0.0,0.0,0.0,0.0,-4.0,0.0,-1.0,0.0,1.5,6.0,0.0,0.0,2.5,0.0,
Nico Schlotterbeck,Defender,47.6,,0.0,0.0,-4.0,,0.0,0.0,0.0,0.0,-4.2,-10.0,4.5,3.0,0.0,0.0,8.7,4.8,0.0,0.0,0.5,0.0,-5.0,0.0,0.0,0.0,0.0,0.0,0.0,0.0,0.0,0.0,0.0,-12.0,4.5,-1.2,0.0,1.0,3.0,0.0,2.0,6.0,11.0,
Minjae Kim ,Defender,68.3,,0.0,0.0,-2.0,,0.0,0.0,0.0,0.0,-4.2,-6.0,10.5,0.0,0.0,0.0,6.5,6.4,0.0,0.0,0.0,0.0,0.0,0.0,0.0,0.0,0.0,0.0,0.0,0.0,0.0,0.0,0.0,0.0,2.0,-1.4,10.0,1.0,0.0,0.0,0.0,3.5,7.0,
Leroy Sané,Forward,100.0,,0.0,0.0,-1.0,1.0,0.0,0.0,0.0,0.0,-1.6,-7.0,4.0,0.0,9.0,10.0,3.3,1.8,9.0,1.0,5.5,0.0,-5.0,0.0,0.0,0.0,0.0,0.0,0.0,0.0,0.0,0.0,0.0,,,,,,,,,,,
Timothy Chandler,Midfielder,0.0,,0.0,0.0,0.0,0.0,0.0,0.0,0.0,0.0,0.0,0.0,0.0,0.0,0.0,0.0,0.0,0.0,0.0,0.0,0.0,0.0,0.0,0.0,0.0,0.0,0.0,0.0,0.0,0.0,0.0,0.0,0.0,0.0,0.0,0.0,,,0.0,0.0,0.0,0.0,,
Vincenzo Grifo,Midfielder,65.6,,0.0,0.0,-1.0,1.0,0.0,0.0,0.0,0.0,-3.5,-0.8,2.4,0.0,3.0,0.0,1.3,0.9,0.0,0.5,2.0,0.0,0.0,0.0,0.0,0.0,0.0,0.0,0.0,0.0,0.0,0.0,0.0,-4.0,1.0,-1.2,,,3.0,0.0,0.0,1.0,,
Ellyes Skhiri,Midfielder,72.1,,0.0,0.0,-1.0,2.0,0.0,0.0,0.0,0.0,-6.0,-2.4,5.6,3.0,3.0,4.0,3.4,1.8,0.0,0.5,0.5,0.0,0.0,0.0,0.0,0.0,0.0,0.0,0.0,0.0,0.0,0.0,0.0,-6.0,0.5,-3.3,,,3.0,0.0,0.0,3.5,,
Matthias Ginter,Defender,36.8,,0.0,0.0,0.0,,0.0,0.0,0.0,0.0,-6.6,-10.0,10.5,0.0,0.0,0.0,2.6,2.4,0.0,0.0,2.0,0.0,0.0,0.0,0.0,0.0,0.0,0.0,0.0,0.0,0.0,0.0,0.0,-8.0,1.0,-1.6,0.0,2.5,3.0,0.0,0.0,2.5,1.5,
Kingsley Coman,Forward,73.0,,0.0,0.0,0.0,3.0,0.0,0.0,0.0,0.0,-0.9,-2.0,6.0,0.0,3.0,2.0,2.5,0.9,0.0,1.5,2.0,0.0,-5.0,0.0,0.0,0.0,0.0,0.0,0.0,0.0,0.0,0.0,0.0,,,,,,,,,,,
Harry Kane,Forward,100.0,,0.0,0.0,0.0,1.0,0.0,0.0,0.0,0.0,-1.1,-2.0,3.0,0.0,3.0,2.0,1.3,0.9,15.0,0.5,2.5,0.0,-5.0,0.0,0.0,0.0,0.0,0.0,0.0,0.0,0.0,0.0,0.0,,,,,,,,,,,
Omar Marmoush,Forward,70.0,,0.0,-3.0,-1.0,4.0,0.0,0.0,0.0,0.0,-1.8,-9.0,5.0,0.0,0.0,0.0,1.3,0.6000000000000001,6.0,0.5,1.0,0.0,-5.0,0.0,0.0,0.0,0.0,0.0,0.0,0.0,0.0,0.0,0.0,,,,,,,,,,,
Julian Brandt,Midfielder,65.5,,0.0,0.0,0.0,0.0,0.0,0.0,0.0,0.0,-4.0,0.0,0.8,0.0,0.0,0.0,1.2,0.6000000000000001,3.0,0.0,2.5,0.0,0.0,0.0,0.0,0.0,0.0,0.0,0.0,0.0,0.0,0.0,0.0,-2.0,0.5,-0.6000000000000001,,,3.0,0.0,0.0,0.5,,
Gregor Kobel,Goalkeeper,41.2,,0.0,0.0,0.0,,0.0,,,,-0.30000000000000004,,,,0.0,0.0,0.5,0.0,0.0,,,0.0,0.0,6.0,6.0,0.0,0.0,0.0,0.0,0.0,0.0,0.0,0.0,-6.0,0.2,-0.2,,,,,,,,
Wooyeong Jeong,Midfielder,32.5,,0.0,0.0,-1.0,0.0,0.0,0.0,0.0,0.0,-1.5,-2.4,0.0,3.0,0.0,4.0,1.8,2.7,0.0,0.0,1.0,0.0,0.0,0.0,0.0,0.0,0.0,0.0,0.0,0.0,0.0,0.0,0.0,0.0,0.0,-0.6000000000000001,,,0.0,0.0,0.0,0.5,,
Moritz Jenz,Defender,33.1,,0.0,0.0,0.0,,0.0,0.0,0.0,0.0,-4.2,-8.0,4.5,3.0,0.0,0.0,4.8,0.8,0.0,0.0,0.0,0.0,0.0,0.0,0.0,0.0,0.0,0.0,0.0,0.0,0.0,0.0,0.0,-12.0,1.5,-0.8,0.0,2.5,0.0,0.0,0.0,1.0,5.0,
Tobias Kempe,Midfielder,47.4,,0.0,0.0,-1.0,2.0,0.0,0.0,0.0,0.0,-2.5,-2.4,3.2,3.0,0.0,2.0,1.7000000000000002,0.6000000000000001,0.0,0.0,1.0,0.0,0.0,0.0,0.0,0.0,0.0,0.0,0.0,0.0,0.0,0.0,0.0,-6.0,1.5,-1.2,,,6.0,1.0,1.0,2.5,,
Jan-Niklas Beste,Midfielder,35.3,,0.0,0.0,-1.0,1.0,0.0,0.0,0.0,0.0,-5.0,-4.0,0.8,0.0,0.0,4.0,1.2,0.9,3.0,0.0,2.0,0.0,0.0,0.0,0.0,0.0,0.0,0.0,0.0,0.0,0.0,0.0,0.0,-4.0,0.5,-0.6000000000000001,,,0.0,0.0,0.0,1.5,,
Noussair Mazraoui,Defender,100.0,,0.0,0.0,0.0,,0.0,0.0,0.0,0.0,-7.2,-2.0,6.0,3.0,6.0,0.0,4.3,8.4,0.0,0.5,2.5,0.0,0.0,0.0,0.0,0.0,0.0,0.0,0.0,0.0,0.0,0.0,0.0,0.0,0.5,-1.4,10.0,0.5,0.0,0.0,0.0,3.5,1.5,
Edimilson Fernandes,Defender,29.0,,0.0,0.0,0.0,,0.0,0.0,0.0,0.0,-0.6000000000000001,0.0,0.0,0.0,0.0,3.0,0.2,0.4,0.0,0.0,1.0,0.0,0.0,0.0,0.0,0.0,0.0,0.0,0.0,0.0,0.0,0.0,0.0,0.0,0.0,0.0,0.0,0.0,0.0,0.0,0.0,0.0,0.0,
Chris Führich,Midfielder,73.9,,0.0,-3.0,-1.0,0.0,0.0,0.0,0.0,0.0,-8.5,-5.6,6.4,0.0,0.0,6.0,4.6,8.7,3.0,4.0,3.0,0.0,0.0,0.0,0.0,0.0,0.0,0.0,0.0,0.0,0.0,0.0,0.0,-6.0,1.0,-1.2,,,0.0,0.0,0.0,2.5,,
Jonas Wind,Forward,66.2,,0.0,0.0,-1.5,3.0,0.0,0.0,0.0,0.0,-0.7000000000000001,-5.0,3.0,0.0,0.0,0.0,1.0,0.4,6.0,0.0,0.0,0.0,0.0,0.0,0.0,0.0,0.0,0.0,0.0,0.0,0.0,0.0,0.0,,,,,,,,,,,
Willian Pacho,Defender,30.4,,0.0,-3.0,0.0,,0.0,0.0,0.0,0.0,-5.4,-2.0,3.0,3.0,0.0,0.0,3.0,0.4,0.0,0.0,0.5,0.0,0.0,0.0,0.0,0.0,0.0,0.0,0.0,0.0,0.0,0.0,0.0,-12.0,0.0,-1.6,0.0,1.0,3.0,2.0,0.0,2.5,1.0,
Marvin Ducksch,Forward,69.9,,0.0,0.0,0.0,1.0,0.0,0.0,0.0,0.0,-1.4,-3.0,3.0,0.0,0.0,2.0,1.6,0.7000000000000001,3.0,1.0,2.0,0.0,0.0,0.0,0.0,0.0,0.0,0.0,0.0,0.0,0.0,0.0,0.0,,,,,,,,,,,
Maximilian Beier,Forward,61.7,,0.0,0.0,-0.5,1.0,0.0,0.0,0.0,0.0,-0.4,-1.0,1.0,0.0,0.0,0.0,0.5,0.1,6.0,0.0,0.0,0.0,-5.0,0.0,0.0,0.0,0.0,0.0,0.0,0.0,0.0,0.0,0.0,,,,,,,,,,,
Joshua Kimmich,Midfielder,11.3,,0.0,0.0,-1.0,0.0,0.0,0.0,0.0,0.0,-0.5,-2.4,0.0,0.0,0.0,0.0,0.2,0.0,0.0,0.0,0.0,0.0,0.0,0.0,0.0,0.0,0.0,0.0,0.0,0.0,0.0,0.0,0.0,0.0,0.0,0.0,,,0.0,0.0,0.0,0.0,,
Waldemar Anton,Defender,63.9,,0.0,0.0,0.0,,0.0,0.0,0.0,0.0,-6.6,0.0,10.5,3.0,0.0,0.0,6.6,4.4,3.0,0.0,0.0,0.0,0.0,0.0,0.0,0.0,0.0,0.0,0.0,0.0,0.0,0.0,0.0,-12.0,2.5,-2.0,0.0,2.5,3.0,0.0,0.0,3.5,10.5,
Edmond Tapsoba,Defender,49.7,,0.0,0.0,-2.0,,-5.0,0.0,0.0,0.0,-4.8,-12.0,7.5,0.0,0.0,0.0,8.4,10.4,0.0,0.0,2.0,0.0,0.0,0.0,0.0,0.0,0.0,0.0,0.0,0.0,0.0,0.0,0.0,-4.0,1.5,-0.8,0.0,3.0,0.0,0.0,2.0,3.0,5.5,
Danilo Soares,Defender,40.0,,0.0,0.0,-4.0,,0.0,0.0,0.0,0.0,-13.2,-18.0,15.0,12.0,0.0,0.0,2.4,4.4,0.0,1.5,4.0,0.0,0.0,0.0,0.0,0.0,0.0,0.0,0.0,0.0,0.0,0.0,0.0,-8.0,0.0,-2.6,0.0,0.5,3.0,1.0,0.0,5.0,2.0,
Alexander Nübel,Goalkeeper,15.1,,0.0,0.0,0.0,,0.0,,,,-0.9,,,,0.0,0.0,2.0,0.0,0.0,,,0.0,0.0,4.0,4.0,0.0,0.0,0.0,0.0,0.0,0.0,0.0,0.0,-9.0,0.6000000000000001,-0.6000000000000001,,,,,,,,
Xaver Schlager,Midfielder,44.4,,0.0,0.0,0.0,0.0,0.0,0.0,0.0,0.0,-4.0,0.0,0.8,0.0,0.0,0.0,4.7,2.4,0.0,0.0,0.5,0.0,0.0,0.0,0.0,0.0,0.0,0.0,0.0,0.0,0.0,0.0,0.0,0.0,1.5,-1.5,,,0.0,1.0,0.0,4.0,,
Brajan Gruda,Forward,41.4,,0.0,0.0,0.0,0.0,0.0,0.0,0.0,0.0,-1.9,-6.0,3.0,3.0,0.0,2.0,1.0,0.30000000000000004,0.0,1.5,3.5,0.0,0.0,0.0,0.0,0.0,0.0,0.0,0.0,0.0,0.0,0.0,0.0,,,,,,,,,,,
Emre Can,Midfielder,0.0,,0.0,0.0,0.0,0.0,0.0,0.0,0.0,0.0,0.0,0.0,0.0,0.0,0.0,0.0,0.0,0.0,0.0,0.0,0.0,0.0,0.0,0.0,0.0,0.0,0.0,0.0,0.0,0.0,0.0,0.0,0.0,0.0,0.0,0.0,,,0.0,0.0,0.0,0.0,,
Atakan Karazor,Midfielder,33.3,,0.0,0.0,0.0,1.0,0.0,0.0,0.0,0.0,-4.0,-3.2,2.4,0.0,0.0,0.0,4.4,2.7,0.0,0.0,0.5,0.0,0.0,0.0,0.0,0.0,0.0,0.0,0.0,0.0,0.0,0.0,0.0,-6.0,0.0,-1.5,,,0.0,0.0,0.0,2.0,,
Jeremie Frimpong,Defender,60.0,,0.0,0.0,-4.0,,0.0,0.0,0.0,0.0,-9.6,-14.0,7.5,0.0,0.0,0.0,1.9,3.2,0.0,1.5,0.5,0.0,-5.0,0.0,0.0,0.0,0.0,0.0,0.0,0.0,0.0,0.0,0.0,-4.0,0.0,-1.6,0.0,0.5,0.0,0.0,0.0,1.5,0.5,
Jamal Musiala,Midfielder,92.5,,0.0,0.0,-2.0,1.0,0.0,0.0,0.0,0.0,-3.5,-4.8,2.4,3.0,6.0,6.0,3.5,6.3,6.0,0.5,1.0,0.0,-5.0,0.0,0.0,0.0,0.0,0.0,0.0,0.0,0.0,0.0,0.0,0.0,0.0,-0.9,,,0.0,1.0,0.0,2.0,,
Michael Zetterer,Goalkeeper,76.4,,0.0,0.0,0.0,,0.0,,,,-1.8,,,,0.0,0.0,2.1,0.0,0.0,,,0.0,0.0,4.0,4.0,1.5,0.0,3.0,0.0,0.0,0.0,0.0,3.0,0.0,1.8,-1.2,,,,,,,,
Ermedin Demirović,Forward,39.8,,0.0,0.0,0.0,1.0,0.0,0.0,0.0,0.0,-1.1,-3.0,5.0,0.0,0.0,0.0,0.9,0.5,0.0,0.0,1.5,0.0,0.0,0.0,0.0,0.0,0.0,0.0,0.0,0.0,0.0,0.0,0.0,,,,,,,,,,,
Florian Neuhaus,Midfielder,0.0,,0.0,0.0,0.0,0.0,0.0,0.0,0.0,0.0,0.0,0.0,0.0,0.0,0.0,0.0,0.0,0.0,0.0,0.0,0.0,0.0,0.0,0.0,0.0,0.0,0.0,0.0,0.0,0.0,0.0,0.0,0.0,0.0,0.0,0.0,,,0.0,0.0,0.0,0.0,,
Matthias Bader,Defender,19.6,,0.0,-3.0,-6.0,,0.0,0.0,0.0,0.0,-6.6,-12.0,18.0,3.0,0.0,6.0,2.6,4.0,0.0,1.0,2.5,0.0,0.0,0.0,0.0,0.0,0.0,0.0,0.0,0.0,0.0,0.0,0.0,-32.0,1.0,-1.4,0.0,0.0,3.0,0.0,0.0,4.5,0.0,
Jonas Hofmann,Midfielder,72.0,,0.0,0.0,-1.0,1.0,0.0,0.0,0.0,0.0,-9.0,-4.0,0.8,0.0,0.0,6.0,4.5,6.3,3.0,0.0,6.5,0.0,0.0,0.0,0.0,0.0,0.0,0.0,0.0,0.0,0.0,0.0,0.0,-2.0,1.0,-2.1,,,0.0,0.0,0.0,1.0,,
Tuta,Defender,30.6,,0.0,0.0,-4.0,,0.0,4.0,0.0,0.0,-9.6,-16.0,6.0,6.0,0.0,0.0,2.7,2.4,0.0,0.0,2.0,0.0,0.0,0.0,0.0,0.0,0.0,0.0,0.0,0.0,0.0,0.0,0.0,-12.0,1.5,-2.4,0.0,1.5,6.0,1.0,0.0,5.0,1.5,
Leandro Barreiro,Midfielder,56.9,,0.0,-3.0,-2.0,1.0,0.0,4.0,0.0,0.0,-5.5,-4.8,7.2,15.0,0.0,2.0,3.0,1.2,0.0,0.0,0.0,0.0,0.0,0.0,0.0,0.0,0.0,0.0,0.0,0.0,0.0,0.0,0.0,-4.0,1.0,-2.7,,,3.0,0.0,2.0,4.5,,
Florian Wirtz,Midfielder,92.5,,0.0,0.0,0.0,0.0,0.0,0.0,0.0,0.0,-7.5,-7.2,3.2,0.0,3.0,4.0,4.9,6.6,9.0,1.5,1.5,0.0,0.0,0.0,0.0,0.0,0.0,0.0,0.0,0.0,0.0,0.0,0.0,-2.0,0.0,-1.5,,,3.0,0.0,0.0,4.0,,
Jeff Chabot,Defender,25.0,,0.0,-3.0,-2.0,,0.0,0.0,0.0,0.0,-2.4,-2.0,1.5,3.0,0.0,0.0,1.7000000000000002,0.0,0.0,0.0,0.0,0.0,0.0,0.0,0.0,0.0,0.0,0.0,0.0,0.0,0.0,0.0,0.0,-16.0,0.5,-0.8,0.0,2.0,3.0,0.0,2.0,2.0,0.5,
Castello Lukeba,Defender,64.9,,0.0,0.0,0.0,,0.0,0.0,0.0,0.0,-3.6,-2.0,4.5,0.0,0.0,0.0,6.2,2.0,0.0,0.0,0.0,0.0,0.0,0.0,0.0,0.0,0.0,0.0,0.0,0.0,0.0,0.0,0.0,0.0,1.5,-1.2,10.0,1.0,0.0,0.0,0.0,3.5,8.0,
Koen Casteels,Goalkeeper,0.0,,0.0,0.0,0.0,,0.0,,,,0.0,,,,0.0,0.0,0.0,0.0,0.0,,,0.0,0.0,0.0,0.0,0.0,0.0,0.0,0.0,0.0,0.0,0.0,0.0,0.0,0.0,0.0,,,,,,,,
Konrad Laimer,Midfielder,75.9,,0.0,0.0,-2.0,1.0,0.0,0.0,0.0,0.0,-2.0,-3.2,2.4,0.0,3.0,2.0,5.7,5.1,0.0,0.0,0.5,0.0,0.0,0.0,0.0,0.0,0.0,0.0,0.0,0.0,0.0,0.0,0.0,0.0,0.5,-0.6000000000000001,,,0.0,0.0,1.0,2.5,,
Franck Honorat,Midfielder,38.4,,0.0,0.0,0.0,1.0,0.0,0.0,0.0,0.0,-11.5,-0.8,3.2,0.0,0.0,6.0,2.2,2.4,0.0,0.5,4.5,0.0,0.0,0.0,0.0,0.0,0.0,0.0,0.0,0.0,0.0,0.0,0.0,-2.0,0.0,-3.6,,,0.0,0.0,0.0,1.5,,
Grischa Prömel,Midfielder,62.8,,0.0,0.0,-4.0,1.0,0.0,0.0,0.0,0.0,-2.5,-5.6,3.2,0.0,0.0,0.0,2.0,1.8,3.0,0.0,0.0,0.0,0.0,0.0,0.0,0.0,0.0,0.0,0.0,0.0,0.0,0.0,0.0,-4.0,0.0,-0.6000000000000001,,,6.0,0.0,0.0,2.5,,
Anton Stach,Midfielder,53.8,,0.0,0.0,-2.0,3.0,0.0,0.0,6.0,0.0,-6.5,-3.2,9.6,9.0,0.0,2.0,1.7000000000000002,1.2,0.0,2.0,0.5,0.0,0.0,0.0,0.0,0.0,0.0,0.0,0.0,0.0,0.0,0.0,0.0,-4.0,0.5,-3.0,,,6.0,0.0,0.0,6.0,,
Sheraldo Becker,Forward,41.4,,0.0,0.0,-1.0,0.0,0.0,0.0,0.0,0.0,-1.6,-4.0,4.0,0.0,0.0,2.0,2.0,1.0,0.0,1.5,2.5,0.0,0.0,0.0,0.0,0.0,0.0,0.0,0.0,0.0,0.0,0.0,0.0,,,,,,,,,,,
Robin Knoche,Defender,21.7,,0.0,0.0,-2.0,,0.0,0.0,0.0,0.0,-4.2,-4.0,4.5,0.0,0.0,0.0,3.9,1.2,0.0,0.0,0.5,0.0,0.0,0.0,0.0,0.0,0.0,0.0,0.0,0.0,0.0,0.0,0.0,-8.0,2.0,-1.2,0.0,1.0,9.0,0.0,0.0,1.0,3.0,
Felix Nmecha,Midfielder,0.0,,0.0,0.0,0.0,0.0,0.0,0.0,0.0,0.0,0.0,0.0,0.0,0.0,0.0,0.0,0.0,0.0,0.0,0.0,0.0,0.0,0.0,0.0,0.0,0.0,0.0,0.0,0.0,0.0,0.0,0.0,0.0,0.0,0.0,0.0,,,0.0,0.0,0.0,0.0,,
Josuha Guilavogui,Midfielder,31.5,,0.0,0.0,0.0,0.0,0.0,0.0,0.0,0.0,-1.5,-2.4,1.6,3.0,0.0,0.0,0.8,0.6000000000000001,0.0,0.0,0.0,0.0,0.0,0.0,0.0,0.0,0.0,0.0,0.0,0.0,0.0,0.0,0.0,-2.0,0.5,-0.6000000000000001,,,3.0,0.0,1.0,2.5,,
Angelo Stiller,Midfielder,71.5,,0.0,0.0,-2.0,0.0,0.0,4.0,0.0,0.0,-3.0,-4.8,3.2,9.0,0.0,6.0,8.0,7.8,3.0,0.0,1.0,0.0,0.0,0.0,0.0,0.0,0.0,0.0,0.0,0.0,0.0,0.0,0.0,-6.0,3.0,-1.2,,,6.0,0.0,0.0,2.5,,
Jonathan Tah,Defender,67.4,,0.0,0.0,0.0,,0.0,0.0,0.0,0.0,-4.2,0.0,9.0,0.0,0.0,3.0,7.7,4.8,0.0,0.0,1.0,0.0,0.0,0.0,0.0,0.0,0.0,0.0,0.0,0.0,0.0,0.0,0.0,-4.0,0.0,-1.4,0.0,3.0,3.0,0.0,0.0,3.0,7.5,
Amine Adli,Forward,24.1,,0.0,0.0,0.0,0.0,0.0,0.0,0.0,0.0,-0.1,-1.0,0.0,0.0,0.0,0.0,0.1,0.1,0.0,0.0,0.0,0.0,0.0,0.0,0.0,0.0,0.0,0.0,0.0,0.0,0.0,0.0,0.0,,,,,,,,,,,
Granit Xhaka,Midfielder,44.0,,0.0,0.0,-1.0,1.0,0.0,0.0,0.0,0.0,-6.0,-3.2,4.0,0.0,0.0,0.0,9.0,6.0,0.0,0.0,0.5,0.0,0.0,0.0,0.0,0.0,0.0,0.0,0.0,0.0,0.0,0.0,0.0,-2.0,0.5,-3.3,,,0.0,0.0,1.0,2.5,,
Florian Kainz,Midfielder,30.9,,0.0,0.0,0.0,1.0,0.0,0.0,0.0,0.0,-2.5,-0.8,1.6,0.0,0.0,0.0,1.6,1.2,0.0,0.0,0.0,0.0,0.0,0.0,0.0,0.0,0.0,0.0,0.0,0.0,0.0,0.0,0.0,-8.0,0.0,-1.2,,,3.0,0.0,0.0,0.0,,
Fares Chaïbi,Midfielder,60.0,,0.0,0.0,-2.0,1.0,0.0,0.0,0.0,0.0,-6.0,-4.0,1.6,0.0,3.0,2.0,1.7000000000000002,2.7,3.0,0.5,1.5,0.0,0.0,0.0,0.0,0.0,0.0,0.0,0.0,0.0,0.0,0.0,0.0,-6.0,0.5,-2.4,,,0.0,0.0,0.0,1.5,,
Manuel Riemann,Goalkeeper,30.6,,0.0,0.0,0.0,,0.0,,,,-10.2,,,,0.0,0.0,2.9,2.5,0.0,,,0.0,0.0,4.0,0.0,3.0,0.0,0.0,0.0,0.0,0.0,0.0,3.0,-6.0,3.2,-6.8,,,,,,,,
Maximilian Wöber,Defender,69.9,,0.0,0.0,0.0,,0.0,4.0,0.0,0.0,-4.8,0.0,7.5,0.0,0.0,0.0,6.2,1.6,0.0,0.0,0.0,0.0,0.0,0.0,0.0,0.0,0.0,0.0,0.0,0.0,0.0,0.0,0.0,-4.0,2.5,-1.6,0.0,2.5,6.0,0.0,6.0,4.0,5.0,
Pascal Stenzel,Defender,43.2,,0.0,0.0,-4.0,,0.0,0.0,0.0,0.0,-4.8,-8.0,4.5,0.0,0.0,9.0,3.8,8.0,0.0,0.5,3.0,0.0,0.0,0.0,0.0,0.0,0.0,0.0,0.0,0.0,0.0,0.0,0.0,-12.0,4.5,-0.8,0.0,0.0,0.0,0.0,0.0,2.5,2.0,
Enzo Millot,Midfielder,51.6,,0.0,0.0,0.0,2.0,0.0,0.0,0.0,0.0,-10.0,-3.2,4.8,3.0,0.0,2.0,6.6,7.8,3.0,1.5,4.0,0.0,0.0,0.0,0.0,0.0,0.0,0.0,0.0,0.0,0.0,0.0,0.0,-6.0,1.0,-2.4,,,0.0,0.0,0.0,2.5,,
Robert Skov,Forward,71.9,,0.0,0.0,0.0,1.0,0.0,0.0,0.0,0.0,-0.6000000000000001,-6.0,9.0,3.0,0.0,0.0,1.2,0.30000000000000004,3.0,1.0,0.0,0.0,0.0,0.0,0.0,0.0,0.0,0.0,0.0,0.0,0.0,0.0,0.0,,,,,,,,,,,
Victor Boniface,Forward,47.2,,0.0,0.0,-0.5,1.0,0.0,0.0,0.0,0.0,-1.3,-9.0,8.0,0.0,0.0,8.0,2.1,1.4,0.0,2.0,0.5,0.0,0.0,0.0,0.0,0.0,0.0,0.0,0.0,0.0,0.0,0.0,0.0,,,,,,,,,,,
Davie Selke,Forward,35.7,,0.0,0.0,-0.5,0.0,0.0,0.0,0.0,0.0,-0.1,-1.0,3.0,0.0,0.0,0.0,1.1,0.2,3.0,0.0,0.0,0.0,-5.0,0.0,0.0,0.0,0.0,0.0,0.0,0.0,0.0,0.0,0.0,,,,,,,,,,,
Xavi Simons,Midfielder,80.5,,0.0,0.0,0.0,1.0,0.0,0.0,0.0,0.0,-6.5,-5.6,3.2,0.0,6.0,0.0,2.7,2.4,3.0,1.5,2.5,0.0,0.0,0.0,0.0,0.0,0.0,0.0,0.0,0.0,0.0,0.0,0.0,0.0,0.0,-1.2,,,0.0,0.0,0.0,1.5,,
Thomas Müller,Forward,94.2,,0.0,0.0,0.0,1.0,0.0,0.0,0.0,0.0,-0.5,-1.0,1.0,0.0,6.0,4.0,1.0,0.7000000000000001,6.0,0.0,1.0,0.0,-5.0,0.0,0.0,0.0,0.0,0.0,0.0,0.0,0.0,0.0,0.0,,,,,,,,,,,
Eren Dinkçi,Midfielder,60.0,,0.0,-3.0,-2.0,0.0,0.0,0.0,0.0,0.0,-11.5,-5.6,1.6,3.0,0.0,0.0,2.1,1.5,3.0,0.5,2.0,0.0,0.0,0.0,0.0,0.0,0.0,0.0,0.0,0.0,0.0,0.0,0.0,-4.0,0.5,-4.2,,,3.0,1.0,0.0,4.0,,
Exequiel Palacios,Midfielder,83.1,,0.0,0.0,0.0,4.0,0.0,0.0,6.0,0.0,-5.0,-3.2,8.8,9.0,0.0,2.0,10.2,7.5,0.0,1.0,1.5,0.0,0.0,0.0,0.0,0.0,0.0,0.0,0.0,0.0,0.0,0.0,0.0,-2.0,0.5,-2.7,,,6.0,0.0,0.0,4.5,,
Danilho Doekhi,Defender,0.0,,0.0,0.0,0.0,,0.0,0.0,0.0,0.0,0.0,0.0,0.0,0.0,0.0,0.0,0.0,0.0,0.0,0.0,0.0,0.0,0.0,0.0,0.0,0.0,0.0,0.0,0.0,0.0,0.0,0.0,0.0,0.0,0.0,0.0,0.0,0.0,0.0,0.0,0.0,0.0,0.0,
Maxence Lacroix,Defender,33.3,,0.0,0.0,-4.0,,0.0,0.0,0.0,0.0,-3.6,-12.0,9.0,0.0,0.0,3.0,5.2,2.4,0.0,0.0,0.0,0.0,0.0,0.0,0.0,0.0,0.0,0.0,0.0,0.0,0.0,0.0,0.0,-12.0,3.0,-1.2,0.0,2.5,0.0,0.0,0.0,1.5,4.5,
Hugo Larsson,Midfielder,47.7,,0.0,0.0,0.0,0.0,0.0,0.0,0.0,0.0,-1.5,-0.8,0.8,6.0,3.0,4.0,2.9,2.7,3.0,0.0,0.5,0.0,-5.0,0.0,0.0,0.0,0.0,0.0,0.0,0.0,0.0,0.0,0.0,-6.0,1.5,-0.9,,,0.0,0.0,0.0,2.5,,
Robin Koch,Defender,52.9,,0.0,0.0,0.0,,0.0,0.0,6.0,0.0,-5.4,0.0,9.0,6.0,0.0,0.0,2.1,0.0,0.0,0.0,0.0,0.0,0.0,0.0,0.0,0.0,0.0,0.0,0.0,0.0,0.0,0.0,0.0,-12.0,1.0,-1.8,0.0,2.0,6.0,0.0,2.0,0.5,2.5,
Salih Özcan,Midfielder,47.6,,0.0,-3.0,-1.0,0.0,0.0,4.0,0.0,0.0,-2.5,-0.8,4.0,6.0,0.0,0.0,5.7,2.7,0.0,0.5,0.0,0.0,0.0,0.0,0.0,0.0,0.0,0.0,0.0,0.0,0.0,0.0,0.0,-6.0,2.0,-1.5,,,0.0,0.0,0.0,2.5,,
Marcel Sabitzer,Midfielder,64.9,,0.0,0.0,0.0,0.0,0.0,0.0,0.0,0.0,-3.5,-3.2,0.0,6.0,0.0,0.0,3.2,3.9,3.0,0.0,0.0,0.0,0.0,0.0,0.0,0.0,0.0,0.0,0.0,0.0,0.0,0.0,0.0,-6.0,1.0,-1.5,,,0.0,0.0,0.0,2.0,,
Julian Ryerson,Defender,0.0,,0.0,0.0,0.0,,0.0,0.0,0.0,0.0,0.0,0.0,0.0,0.0,0.0,0.0,0.0,0.0,0.0,0.0,0.0,0.0,0.0,0.0,0.0,0.0,0.0,0.0,0.0,0.0,0.0,0.0,0.0,0.0,0.0,0.0,0.0,0.0,0.0,0.0,0.0,0.0,0.0,
Nico Elvedi,Defender,61.6,,0.0,0.0,0.0,,0.0,0.0,0.0,0.0,-1.2,-10.0,7.5,9.0,0.0,0.0,6.0,1.2,3.0,0.0,0.0,0.0,0.0,0.0,0.0,0.0,0.0,0.0,0.0,0.0,0.0,0.0,0.0,-4.0,2.0,-0.4,0.0,2.5,3.0,0.0,2.0,3.0,3.0,
Fabian Nürnberger,Midfielder,30.7,,0.0,-3.0,-3.0,1.0,0.0,0.0,0.0,0.0,-2.5,-5.6,1.6,9.0,0.0,4.0,3.4,2.7,0.0,0.0,0.5,0.0,0.0,0.0,0.0,0.0,0.0,0.0,0.0,0.0,0.0,0.0,0.0,-16.0,1.0,-0.9,,,3.0,0.0,0.0,0.5,,
Tim Skarke,Midfielder,35.9,,0.0,0.0,-2.0,1.0,0.0,0.0,0.0,0.0,-5.5,-4.8,6.4,0.0,0.0,0.0,3.5,3.3,6.0,2.5,1.0,0.0,0.0,0.0,0.0,0.0,0.0,0.0,0.0,0.0,0.0,0.0,0.0,-16.0,2.0,-1.5,,,3.0,0.0,1.0,1.0,,
Anthony Rouault,Defender,8.0,,0.0,-3.0,-4.0,,0.0,0.0,0.0,0.0,-4.2,-6.0,3.0,0.0,0.0,0.0,3.7,4.4,0.0,0.0,0.0,0.0,0.0,0.0,0.0,0.0,0.0,0.0,0.0,0.0,0.0,0.0,0.0,-8.0,1.0,-1.4,0.0,0.0,0.0,0.0,0.0,3.0,4.5,
Marco Reus,Midfielder,41.8,,0.0,0.0,0.0,1.0,0.0,0.0,0.0,0.0,-4.5,-1.6,1.6,0.0,3.0,4.0,1.6,3.0,0.0,0.5,2.0,0.0,0.0,0.0,0.0,0.0,0.0,0.0,0.0,0.0,0.0,0.0,0.0,-4.0,0.5,-0.30000000000000004,,,0.0,0.0,0.0,0.0,,
Jeffrey Gouweleeuw,Defender,39.3,,0.0,-3.0,-4.0,,0.0,0.0,0.0,0.0,-7.8,-4.0,0.0,3.0,3.0,3.0,3.8,3.6,0.0,0.0,4.0,0.0,0.0,0.0,0.0,0.0,0.0,0.0,0.0,0.0,0.0,0.0,0.0,-8.0,2.5,-1.8,0.0,2.0,0.0,0.0,0.0,3.5,4.5,
Marvin Mehlem,Midfielder,43.3,,0.0,0.0,-1.0,3.0,0.0,0.0,0.0,0.0,-4.5,-2.4,3.2,6.0,0.0,4.0,1.8,1.2,3.0,0.0,1.0,0.0,-5.0,0.0,0.0,0.0,0.0,0.0,0.0,0.0,0.0,0.0,0.0,-6.0,0.5,-1.5,,,3.0,0.0,0.0,2.0,,
Nicolas Höfler,Midfielder,62.1,,0.0,0.0,0.0,1.0,0.0,0.0,6.0,0.0,-2.5,-2.4,4.8,6.0,0.0,0.0,2.1,0.6000000000000001,0.0,0.0,0.0,0.0,0.0,0.0,0.0,0.0,0.0,0.0,0.0,0.0,0.0,0.0,0.0,-4.0,1.0,-1.5,,,12.0,1.0,0.0,3.0,,
Christopher Trimmel,Defender,35.4,,0.0,0.0,0.0,,0.0,0.0,0.0,0.0,-15.6,-2.0,1.5,0.0,0.0,6.0,1.6,4.0,3.0,0.0,7.5,0.0,0.0,0.0,0.0,0.0,0.0,0.0,0.0,0.0,0.0,0.0,0.0,-8.0,1.0,-2.6,0.0,2.0,0.0,0.0,0.0,1.0,1.0,
Maximilian Arnold,Midfielder,30.9,,0.0,-3.0,-2.0,0.0,0.0,0.0,0.0,0.0,-5.5,-4.0,0.0,0.0,0.0,4.0,4.3,2.4,3.0,0.0,1.5,0.0,0.0,0.0,0.0,0.0,0.0,0.0,0.0,0.0,0.0,0.0,0.0,-6.0,0.5,-1.8,,,0.0,0.0,0.0,2.5,,
Leon Goretzka,Midfielder,0.0,,0.0,0.0,0.0,0.0,0.0,0.0,0.0,0.0,0.0,0.0,0.0,0.0,0.0,0.0,0.0,0.0,0.0,0.0,0.0,0.0,0.0,0.0,0.0,0.0,0.0,0.0,0.0,0.0,0.0,0.0,0.0,0.0,0.0,0.0,,,0.0,0.0,0.0,0.0,,
Alphonso Davies,Defender,39.0,,0.0,0.0,-4.0,,0.0,0.0,0.0,0.0,-6.0,-16.0,6.0,0.0,0.0,0.0,2.4,4.0,3.0,0.0,0.5,0.0,0.0,0.0,0.0,0.0,0.0,0.0,0.0,0.0,0.0,0.0,0.0,0.0,0.0,-0.4,10.0,1.0,0.0,1.0,0.0,2.5,0.0,
Philipp Max,Defender,19.2,,0.0,0.0,-4.0,,0.0,0.0,0.0,0.0,-4.2,-6.0,1.5,0.0,0.0,0.0,1.6,1.6,0.0,0.0,1.5,0.0,0.0,0.0,0.0,0.0,0.0,0.0,0.0,0.0,0.0,0.0,0.0,-12.0,1.0,-0.8,0.0,0.5,3.0,0.0,0.0,0.0,0.5,
Ramy Bensebaini,Defender,50.1,,0.0,0.0,-2.0,,0.0,4.0,0.0,0.0,-10.8,-4.0,15.0,3.0,0.0,0.0,6.2,6.4,0.0,0.5,2.0,0.0,-5.0,0.0,0.0,0.0,0.0,0.0,0.0,0.0,0.0,0.0,0.0,-12.0,0.0,-3.2,0.0,1.0,6.0,2.0,0.0,4.0,2.0,
Kevin Stöger,Midfielder,74.9,,0.0,0.0,-2.0,2.0,0.0,0.0,0.0,0.0,-18.5,-8.0,5.6,0.0,0.0,4.0,3.1,3.6,3.0,0.5,6.0,0.0,0.0,0.0,0.0,0.0,0.0,0.0,0.0,0.0,0.0,0.0,0.0,-4.0,1.5,-6.9,,,12.0,0.0,0.0,3.0,,
Felix Uduokhai,Defender,7.8,,0.0,0.0,-8.0,,0.0,0.0,0.0,0.0,-4.8,-10.0,6.0,3.0,0.0,0.0,3.5,1.2,0.0,0.5,0.5,0.0,0.0,0.0,0.0,0.0,0.0,0.0,0.0,0.0,0.0,0.0,0.0,-8.0,2.5,-1.6,0.0,2.5,0.0,0.0,0.0,3.0,2.5,
Dominik Kohr,Midfielder,25.7,,0.0,-3.0,-3.0,0.0,0.0,0.0,0.0,0.0,-4.0,-2.4,1.6,0.0,0.0,0.0,0.4,0.0,0.0,0.0,0.0,0.0,0.0,0.0,0.0,0.0,0.0,0.0,0.0,0.0,0.0,0.0,0.0,-2.0,0.0,-2.4,,,3.0,0.0,0.0,2.5,,
Florian Grillitsch,Midfielder,42.4,,0.0,0.0,0.0,0.0,-3.0,4.0,0.0,0.0,-2.0,0.0,1.6,0.0,0.0,0.0,0.0,0.0,0.0,0.0,0.0,0.0,0.0,0.0,0.0,0.0,0.0,0.0,0.0,0.0,0.0,0.0,0.0,0.0,0.0,-1.2,,,6.0,0.0,1.0,1.0,,
Philipp Lienhart,Defender,28.4,,0.0,0.0,0.0,,0.0,0.0,0.0,0.0,-4.8,-2.0,0.0,0.0,0.0,0.0,1.5,0.8,0.0,0.0,0.0,0.0,0.0,0.0,0.0,0.0,0.0,0.0,0.0,0.0,0.0,0.0,0.0,-8.0,0.5,-1.6,0.0,2.0,0.0,0.0,2.0,1.5,1.5,
Luca Waldschmidt,Forward,34.4,,0.0,0.0,-0.5,1.0,0.0,0.0,0.0,0.0,-0.7000000000000001,-4.0,3.0,0.0,0.0,0.0,1.3,0.30000000000000004,3.0,1.0,0.0,0.0,-5.0,0.0,0.0,0.0,0.0,0.0,0.0,0.0,0.0,0.0,0.0,,,,,,,,,,,
Matthijs de Ligt,Defender,60.7,,0.0,-3.0,-2.0,,0.0,4.0,0.0,0.0,-1.2,-2.0,6.0,0.0,0.0,0.0,3.7,2.4,6.0,0.0,0.0,0.0,-10.0,0.0,0.0,0.0,0.0,0.0,0.0,0.0,0.0,0.0,0.0,0.0,0.5,-0.2,10.0,1.0,6.0,0.0,0.0,2.0,2.5,
Kevin Trapp,Goalkeeper,10.0,,0.0,0.0,0.0,,0.0,,,,-3.0,,,,0.0,0.0,2.5,0.0,0.0,,,0.0,0.0,2.0,2.0,1.5,0.0,0.0,0.0,0.0,0.0,0.0,0.0,-9.0,1.0,-2.0,,,,,,,,
Olivier Deman,Midfielder,59.2,,0.0,0.0,-1.0,1.0,0.0,4.0,0.0,0.0,-5.5,-2.4,4.0,0.0,0.0,2.0,4.7,2.4,0.0,0.0,1.5,0.0,0.0,0.0,0.0,0.0,0.0,0.0,0.0,0.0,0.0,0.0,0.0,0.0,2.5,-1.5,,,9.0,1.0,0.0,2.5,,
Mats Hummels,Defender,46.4,,0.0,0.0,-2.0,,0.0,4.0,0.0,0.0,-4.8,-8.0,9.0,3.0,0.0,0.0,4.3,1.6,0.0,0.0,0.5,0.0,0.0,0.0,0.0,0.0,0.0,0.0,0.0,0.0,0.0,0.0,0.0,-12.0,2.5,-1.2,0.0,0.5,9.0,0.0,0.0,2.0,3.0,
Anthony Losilla,Midfielder,31.1,,0.0,-3.0,-2.0,1.0,0.0,0.0,0.0,0.0,-11.0,-7.2,6.4,9.0,0.0,0.0,2.5,2.1,0.0,0.5,0.5,0.0,0.0,0.0,0.0,0.0,0.0,0.0,0.0,0.0,0.0,0.0,0.0,-4.0,0.0,-5.7,,,0.0,0.0,1.0,6.0,,
Ko Itakura,Defender,0.0,,0.0,0.0,0.0,,0.0,0.0,0.0,0.0,0.0,0.0,0.0,0.0,0.0,0.0,0.0,0.0,0.0,0.0,0.0,0.0,0.0,0.0,0.0,0.0,0.0,0.0,0.0,0.0,0.0,0.0,0.0,0.0,0.0,0.0,0.0,0.0,0.0,0.0,0.0,0.0,0.0,
Tim Kleindienst,Forward,38.7,,0.0,0.0,-2.0,1.0,0.0,0.0,0.0,0.0,-1.5,-10.0,8.0,0.0,0.0,2.0,1.1,0.6000000000000001,3.0,0.5,1.0,0.0,0.0,0.0,0.0,0.0,0.0,0.0,0.0,0.0,0.0,0.0,0.0,,,,,,,,,,,
Pavel Kadeřábek,Defender,17.3,,0.0,0.0,0.0,,0.0,0.0,0.0,0.0,-12.0,-18.0,4.5,3.0,0.0,0.0,0.4,0.0,0.0,0.0,1.5,0.0,0.0,0.0,0.0,0.0,0.0,0.0,0.0,0.0,0.0,0.0,0.0,0.0,0.0,-2.6,0.0,0.5,3.0,0.0,0.0,2.0,0.0,
Kevin Vogt,Defender,32.4,,0.0,0.0,0.0,,0.0,0.0,0.0,0.0,-6.6,-6.0,4.5,0.0,0.0,0.0,1.8,1.2,0.0,0.0,0.0,0.0,0.0,0.0,0.0,0.0,0.0,0.0,0.0,0.0,0.0,0.0,0.0,-8.0,0.5,-2.0,0.0,1.0,6.0,0.0,0.0,2.5,2.5,
Roland Sallai,Midfielder,0.0,,0.0,0.0,0.0,0.0,0.0,0.0,0.0,0.0,0.0,0.0,0.0,0.0,0.0,0.0,0.0,0.0,0.0,0.0,0.0,0.0,0.0,0.0,0.0,0.0,0.0,0.0,0.0,0.0,0.0,0.0,0.0,0.0,0.0,0.0,,,0.0,0.0,0.0,0.0,,
Timo Hübers,Defender,37.7,,0.0,0.0,-2.0,,0.0,0.0,0.0,0.0,-3.0,-4.0,9.0,3.0,0.0,0.0,3.7,0.0,0.0,0.0,0.0,0.0,0.0,0.0,0.0,0.0,0.0,0.0,0.0,0.0,0.0,0.0,0.0,-24.0,0.5,-1.0,0.0,5.5,3.0,0.0,6.0,3.0,3.0,
Kevin Kampl,Midfielder,0.0,,0.0,0.0,0.0,0.0,0.0,0.0,0.0,0.0,0.0,0.0,0.0,0.0,0.0,0.0,0.0,0.0,0.0,0.0,0.0,0.0,0.0,0.0,0.0,0.0,0.0,0.0,0.0,0.0,0.0,0.0,0.0,0.0,0.0,0.0,,,0.0,0.0,0.0,0.0,,
Dani Olmo,Midfielder,24.7,,0.0,0.0,0.0,1.0,0.0,0.0,0.0,0.0,-1.0,-0.8,0.8,0.0,0.0,0.0,0.0,0.0,0.0,0.0,0.0,0.0,0.0,0.0,0.0,0.0,0.0,0.0,0.0,0.0,0.0,0.0,0.0,0.0,0.0,-0.30000000000000004,,,0.0,0.0,0.0,0.0,,
Loïs Openda,Forward,78.4,,0.0,0.0,-0.5,1.0,0.0,0.0,0.0,0.0,-0.8,-6.0,1.0,0.0,0.0,4.0,1.0,0.7000000000000001,12.0,0.0,1.0,0.0,-5.0,0.0,0.0,0.0,0.0,0.0,0.0,0.0,0.0,0.0,0.0,,,,,,,,,,,
Benjamin Šeško,Forward,61.0,,0.0,0.0,0.0,0.0,0.0,0.0,0.0,0.0,-0.5,-3.0,1.0,0.0,0.0,0.0,0.0,0.0,3.0,0.5,0.0,0.0,0.0,0.0,0.0,0.0,0.0,0.0,0.0,0.0,0.0,0.0,0.0,,,,,,,,,,,
Ansgar Knauff,Forward,34.9,,0.0,0.0,0.0,0.0,0.0,0.0,0.0,0.0,-0.8,-6.0,3.0,0.0,0.0,2.0,1.1,0.6000000000000001,3.0,0.5,1.5,0.0,-5.0,0.0,0.0,0.0,0.0,0.0,0.0,0.0,0.0,0.0,0.0,,,,,,,,,,,
Niclas Füllkrug,Forward,60.3,,0.0,0.0,-1.0,1.0,0.0,0.0,0.0,0.0,-1.1,-9.0,4.0,0.0,0.0,2.0,1.0,0.4,3.0,0.0,0.0,0.0,0.0,0.0,0.0,0.0,0.0,0.0,0.0,0.0,0.0,0.0,0.0,,,,,,,,,,,
Dan-Axel Zagadou,Defender,17.8,,0.0,0.0,-6.0,,0.0,0.0,0.0,0.0,-2.4,-8.0,6.0,0.0,0.0,0.0,1.8,1.2,0.0,0.0,0.0,0.0,0.0,0.0,0.0,0.0,0.0,0.0,0.0,0.0,0.0,0.0,0.0,-4.0,1.5,-0.8,0.0,0.0,0.0,0.0,0.0,1.5,2.0,
Ozan Kabak,Defender,0.0,,0.0,0.0,0.0,,0.0,0.0,0.0,0.0,0.0,0.0,0.0,0.0,0.0,0.0,0.0,0.0,0.0,0.0,0.0,0.0,0.0,0.0,0.0,0.0,0.0,0.0,0.0,0.0,0.0,0.0,0.0,0.0,0.0,0.0,0.0,0.0,0.0,0.0,0.0,0.0,0.0,
Ritsu Dōan,Midfielder,50.8,,0.0,0.0,-1.0,0.0,0.0,4.0,0.0,0.0,-6.0,-4.0,8.0,0.0,0.0,4.0,1.3,1.5,0.0,2.5,3.0,0.0,0.0,0.0,0.0,0.0,0.0,0.0,0.0,0.0,0.0,0.0,0.0,-4.0,0.0,-1.5,,,6.0,1.0,0.0,1.0,,
Piero Hincapié,Defender,22.7,,0.0,0.0,0.0,,0.0,0.0,0.0,0.0,-0.6000000000000001,-2.0,0.0,0.0,0.0,0.0,0.0,0.0,0.0,0.0,0.0,0.0,0.0,0.0,0.0,0.0,0.0,0.0,0.0,0.0,0.0,0.0,0.0,0.0,0.0,-0.2,0.0,0.0,0.0,0.0,0.0,0.5,0.0,
Denis Huseinbašić,Midfielder,26.0,,0.0,0.0,0.0,1.0,0.0,0.0,0.0,0.0,0.0,0.0,0.8,3.0,0.0,0.0,0.2,0.0,0.0,0.0,0.0,0.0,0.0,0.0,0.0,0.0,0.0,0.0,0.0,0.0,0.0,0.0,0.0,-4.0,0.0,0.0,,,0.0,0.0,0.0,0.0,,
David Raum,Defender,89.7,,0.0,0.0,-2.0,,0.0,0.0,0.0,0.0,-13.2,-4.0,1.5,0.0,0.0,12.0,3.2,4.8,3.0,0.0,8.5,0.0,0.0,0.0,0.0,0.0,0.0,0.0,0.0,0.0,0.0,0.0,0.0,0.0,1.5,-1.6,10.0,0.0,0.0,0.0,0.0,3.5,2.5,
Pavao Pervan,Goalkeeper,16.7,,0.0,0.0,0.0,,0.0,,,,-2.7,,,,0.0,0.0,2.4,0.0,0.0,,,0.0,0.0,6.0,6.0,0.0,0.0,0.0,0.0,0.0,0.0,0.0,0.0,-9.0,0.8,-1.8,,,,,,,,
Miloš Veljković,Defender,96.9,,0.0,0.0,0.0,,0.0,0.0,0.0,0.0,-7.2,-2.0,7.5,3.0,3.0,0.0,5.6,1.2,0.0,0.5,0.5,0.0,0.0,0.0,0.0,0.0,0.0,0.0,0.0,0.0,0.0,0.0,0.0,0.0,6.0,-2.2,10.0,2.5,0.0,1.0,0.0,2.0,5.5,
Anthony Caci,Defender,28.8,,0.0,0.0,0.0,,0.0,0.0,0.0,0.0,-13.8,-4.0,7.5,0.0,0.0,0.0,2.1,1.2,0.0,1.0,0.5,0.0,0.0,0.0,0.0,0.0,0.0,0.0,0.0,0.0,0.0,0.0,0.0,-8.0,2.0,-3.2,0.0,1.0,0.0,0.0,0.0,5.5,2.0,
Marco Friedl,Defender,60.5,,0.0,0.0,-4.0,,0.0,0.0,0.0,0.0,-3.6,-6.0,9.0,3.0,0.0,0.0,4.6,0.0,0.0,0.0,0.0,0.0,0.0,0.0,0.0,0.0,0.0,0.0,0.0,0.0,0.0,0.0,0.0,0.0,2.5,-1.0,10.0,4.0,0.0,0.0,2.0,1.5,3.5,
Senne Lynen,Midfielder,30.2,,0.0,0.0,-1.0,0.0,0.0,0.0,0.0,0.0,-1.5,-2.4,0.8,3.0,0.0,2.0,0.9,0.30000000000000004,3.0,0.0,0.5,0.0,0.0,0.0,0.0,0.0,0.0,0.0,0.0,0.0,0.0,0.0,0.0,0.0,0.0,-0.9,,,0.0,0.0,0.0,0.5,,
Patric Pfeiffer,Defender,0.0,,0.0,0.0,0.0,,0.0,0.0,0.0,0.0,0.0,0.0,0.0,0.0,0.0,0.0,0.0,0.0,0.0,0.0,0.0,0.0,0.0,0.0,0.0,0.0,0.0,0.0,0.0,0.0,0.0,0.0,0.0,0.0,0.0,0.0,0.0,0.0,0.0,0.0,0.0,0.0,0.0,
Alassane Plea,Forward,78.5,,0.0,0.0,0.0,4.0,0.0,0.0,0.0,0.0,-1.2,-3.0,8.0,0.0,0.0,2.0,2.4,0.8,3.0,1.5,1.0,0.0,0.0,0.0,0.0,0.0,0.0,0.0,0.0,0.0,0.0,0.0,0.0,,,,,,,,,,,
Hiroki Ito,Defender,72.5,,0.0,0.0,0.0,,0.0,4.0,0.0,0.0,-12.0,-6.0,9.0,6.0,0.0,6.0,8.3,11.6,3.0,0.0,2.5,0.0,0.0,0.0,0.0,0.0,0.0,0.0,0.0,0.0,0.0,0.0,0.0,-12.0,4.0,-3.4,0.0,1.5,3.0,0.0,2.0,5.5,4.5,
Oliver Baumann,Goalkeeper,61.1,,0.0,0.0,-1.0,,0.0,,,,-5.4,,,,0.0,0.0,1.7000000000000002,2.5,0.0,,,0.0,0.0,16.0,12.0,0.0,1.5,6.0,0.0,0.0,0.0,0.0,0.0,-6.0,2.2,-3.4,,,,,,,,
Odilon Kossounou,Defender,42.5,,0.0,0.0,-2.0,,0.0,0.0,0.0,0.0,-3.6,-6.0,3.0,0.0,0.0,0.0,5.3,8.0,0.0,0.5,0.5,0.0,0.0,0.0,0.0,0.0,0.0,0.0,0.0,0.0,0.0,0.0,0.0,-4.0,0.5,-1.2,0.0,1.0,0.0,0.0,0.0,2.0,3.5,
Janis Blaswich,Goalkeeper,72.7,,0.0,0.0,0.0,,0.0,,,,-1.8,,,,0.0,0.0,6.0,0.0,0.0,,,0.0,0.0,2.0,2.0,1.5,0.0,0.0,0.0,0.0,0.0,0.0,3.0,0.0,1.2,-1.2,,,,,,,,
Junior Dina Ebimbe,Midfielder,21.6,,0.0,0.0,-2.0,0.0,0.0,0.0,0.0,0.0,-7.5,-4.0,4.8,0.0,0.0,0.0,0.9,0.0,0.0,1.0,1.0,0.0,0.0,0.0,0.0,0.0,0.0,0.0,0.0,0.0,0.0,0.0,0.0,-2.0,0.0,-2.1,,,3.0,0.0,0.0,3.5,,
Romano Schmid,Midfielder,46.3,,0.0,0.0,0.0,3.0,0.0,0.0,0.0,0.0,-7.0,-4.8,4.8,0.0,0.0,2.0,2.9,2.7,3.0,0.5,2.5,0.0,0.0,0.0,0.0,0.0,0.0,0.0,0.0,0.0,0.0,0.0,0.0,0.0,0.0,-1.8,,,0.0,0.0,0.0,3.5,,
Amos Pieper,Defender,0.0,,0.0,0.0,0.0,,0.0,0.0,0.0,0.0,0.0,0.0,0.0,0.0,0.0,0.0,0.0,0.0,0.0,0.0,0.0,0.0,0.0,0.0,0.0,0.0,0.0,0.0,0.0,0.0,0.0,0.0,0.0,0.0,0.0,0.0,0.0,0.0,0.0,0.0,0.0,0.0,0.0,
Julian Weigl,Midfielder,61.2,,0.0,0.0,0.0,4.0,0.0,0.0,0.0,0.0,-1.0,0.0,4.8,0.0,0.0,2.0,5.5,1.5,0.0,0.0,0.5,0.0,0.0,0.0,0.0,0.0,0.0,0.0,0.0,0.0,0.0,0.0,0.0,-2.0,2.5,-0.6000000000000001,,,3.0,0.0,0.0,6.0,,
Jordan Siebatcheu,Forward,48.2,,0.0,0.0,-0.5,3.0,0.0,0.0,0.0,0.0,-0.7000000000000001,-4.0,7.0,3.0,0.0,0.0,1.8,0.6000000000000001,3.0,0.0,0.0,0.0,0.0,0.0,0.0,0.0,0.0,0.0,0.0,0.0,0.0,0.0,0.0,,,,,,,,,,,
Norman Theuerkauf,Defender,31.8,,0.0,0.0,0.0,,0.0,0.0,0.0,0.0,-4.2,-2.0,1.5,0.0,0.0,0.0,2.6,2.4,0.0,0.5,0.5,0.0,0.0,0.0,0.0,0.0,0.0,0.0,0.0,0.0,0.0,0.0,0.0,-8.0,0.5,-1.0,0.0,0.5,0.0,0.0,0.0,2.5,1.0,
Patrick Mainka,Defender,54.6,,0.0,0.0,-2.0,,0.0,4.0,0.0,0.0,-6.6,-12.0,16.5,3.0,0.0,0.0,5.6,4.4,0.0,0.5,1.0,0.0,0.0,0.0,0.0,0.0,0.0,0.0,0.0,0.0,0.0,0.0,0.0,-8.0,1.0,-1.8,0.0,0.5,6.0,0.0,2.0,2.0,3.5,
Nathan Tella,Midfielder,25.1,,0.0,0.0,0.0,0.0,0.0,0.0,0.0,0.0,-0.5,-0.8,0.0,0.0,0.0,0.0,0.1,0.30000000000000004,0.0,0.0,0.5,0.0,0.0,0.0,0.0,0.0,0.0,0.0,0.0,0.0,0.0,0.0,0.0,0.0,0.0,0.0,,,0.0,0.0,0.0,0.5,,
Dejan Ljubicic,Midfielder,44.2,,0.0,0.0,-1.0,0.0,0.0,4.0,0.0,0.0,-4.0,-1.6,3.2,0.0,3.0,2.0,3.4,1.2,0.0,0.0,0.5,0.0,0.0,0.0,0.0,0.0,0.0,0.0,0.0,0.0,0.0,0.0,0.0,-12.0,0.0,-1.5,,,9.0,0.0,1.0,2.0,,
Yussuf Poulsen,Forward,0.0,,0.0,0.0,0.0,0.0,0.0,0.0,0.0,0.0,0.0,0.0,0.0,0.0,0.0,0.0,0.0,0.0,0.0,0.0,0.0,0.0,0.0,0.0,0.0,0.0,0.0,0.0,0.0,0.0,0.0,0.0,0.0,,,,,,,,,,,
Kevin Behrens,Forward,42.4,,0.0,0.0,-0.5,3.0,0.0,0.0,0.0,0.0,-1.0,-9.0,11.0,0.0,0.0,0.0,2.0,0.9,0.0,0.5,0.5,0.0,0.0,0.0,0.0,0.0,0.0,0.0,0.0,0.0,0.0,0.0,0.0,,,,,,,,,,,
Phillip Tietz,Forward,64.0,,0.0,0.0,-1.5,1.0,0.0,0.0,0.0,0.0,-1.9,-8.0,8.0,0.0,0.0,0.0,1.1,0.30000000000000004,9.0,0.5,0.5,0.0,-5.0,0.0,0.0,0.0,0.0,0.0,0.0,0.0,0.0,0.0,0.0,,,,,,,,,,,
Elvis Rexhbecaj,Midfielder,41.6,,0.0,-3.0,0.0,4.0,0.0,0.0,0.0,0.0,-4.0,-2.4,4.0,3.0,0.0,0.0,2.8,3.0,0.0,0.0,0.5,0.0,0.0,0.0,0.0,0.0,0.0,0.0,0.0,0.0,0.0,0.0,0.0,-4.0,1.0,-1.8,,,0.0,0.0,0.0,3.5,,
Karim Onisiwo,Forward,60.0,,0.0,0.0,-2.0,2.0,0.0,0.0,0.0,0.0,-0.9,-9.0,4.0,0.0,0.0,2.0,1.2,0.6000000000000001,0.0,0.0,0.5,0.0,0.0,0.0,0.0,0.0,0.0,0.0,0.0,0.0,0.0,0.0,0.0,,,,,,,,,,,
Fabian Holland,Defender,0.0,,0.0,0.0,0.0,,0.0,0.0,0.0,0.0,0.0,0.0,0.0,0.0,0.0,0.0,0.0,0.0,0.0,0.0,0.0,0.0,0.0,0.0,0.0,0.0,0.0,0.0,0.0,0.0,0.0,0.0,0.0,0.0,0.0,0.0,0.0,0.0,0.0,0.0,0.0,0.0,0.0,
Jannik Müller,Defender,0.0,,0.0,0.0,0.0,,0.0,0.0,0.0,0.0,0.0,0.0,0.0,0.0,0.0,0.0,0.0,0.0,0.0,0.0,0.0,0.0,0.0,0.0,0.0,0.0,0.0,0.0,0.0,0.0,0.0,0.0,0.0,0.0,0.0,0.0,0.0,0.0,0.0,0.0,0.0,0.0,0.0,
Kevin Müller,Goalkeeper,46.8,,0.0,0.0,0.0,,0.0,,,,-2.7,,,,0.0,0.0,2.5,0.5,0.0,,,0.0,0.0,8.0,6.0,1.5,0.0,3.0,0.0,0.0,0.0,0.0,0.0,-6.0,0.8,-1.8,,,,,,,,
John Anthony Brooks,Defender,37.0,,0.0,0.0,0.0,,0.0,0.0,0.0,0.0,-4.2,0.0,4.5,3.0,0.0,0.0,1.2,0.4,0.0,0.0,1.0,0.0,0.0,0.0,0.0,0.0,0.0,0.0,0.0,0.0,0.0,0.0,0.0,-8.0,0.5,-1.4,0.0,3.5,0.0,0.0,0.0,1.0,0.5,
Lukáš Hradecky,Goalkeeper,42.8,,0.0,0.0,0.0,,0.0,,,,-1.2,,,,0.0,0.0,1.2,0.0,0.0,,,0.0,0.0,4.0,4.0,3.0,0.0,0.0,0.0,0.0,0.0,0.0,0.0,-3.0,0.4,-0.6000000000000001,,,,,,,,
Leart Pacarada,Defender,36.7,,0.0,0.0,0.0,,0.0,4.0,0.0,0.0,-4.8,-6.0,3.0,6.0,0.0,3.0,2.0,2.0,0.0,0.0,2.0,0.0,0.0,0.0,0.0,0.0,0.0,0.0,0.0,0.0,0.0,0.0,0.0,-24.0,2.5,-1.0,0.0,1.0,6.0,0.0,2.0,2.5,1.5,
Emil Forsberg,Midfielder,0.0,,0.0,0.0,0.0,0.0,0.0,0.0,0.0,0.0,0.0,0.0,0.0,0.0,0.0,0.0,0.0,0.0,0.0,0.0,0.0,0.0,0.0,0.0,0.0,0.0,0.0,0.0,0.0,0.0,0.0,0.0,0.0,0.0,0.0,0.0,,,0.0,0.0,0.0,0.0,,
Robin Gosens,Defender,33.5,,0.0,-3.0,-4.0,,0.0,0.0,0.0,0.0,-3.6,-6.0,7.5,0.0,0.0,3.0,2.4,2.0,0.0,0.0,0.5,0.0,0.0,0.0,0.0,0.0,0.0,0.0,0.0,0.0,0.0,0.0,0.0,-8.0,0.5,-0.8,0.0,3.0,0.0,0.0,0.0,2.0,3.0,
Yannick Gerhardt,Midfielder,29.8,,0.0,0.0,0.0,1.0,0.0,0.0,0.0,0.0,-1.5,0.0,0.8,3.0,0.0,2.0,1.1,1.2,0.0,0.0,0.5,0.0,0.0,0.0,0.0,0.0,0.0,0.0,0.0,0.0,0.0,0.0,0.0,-4.0,0.5,-0.30000000000000004,,,0.0,0.0,0.0,0.5,,
Matúš Bero,Midfielder,0.0,,0.0,0.0,0.0,0.0,0.0,0.0,0.0,0.0,0.0,0.0,0.0,0.0,0.0,0.0,0.0,0.0,0.0,0.0,0.0,0.0,0.0,0.0,0.0,0.0,0.0,0.0,0.0,0.0,0.0,0.0,0.0,0.0,0.0,0.0,,,0.0,0.0,0.0,0.0,,
Maximilian Eggestein,Midfielder,31.6,,0.0,0.0,-1.0,0.0,0.0,0.0,0.0,0.0,-4.0,-4.0,1.6,6.0,0.0,0.0,0.9,0.30000000000000004,0.0,0.0,0.5,0.0,0.0,0.0,0.0,0.0,0.0,0.0,0.0,0.0,0.0,0.0,0.0,-4.0,0.0,-1.2,,,0.0,0.0,0.0,1.5,,
Matěj Kovář,Goalkeeper,0.0,,0.0,0.0,0.0,,0.0,,,,0.0,,,,0.0,0.0,0.0,0.0,0.0,,,0.0,0.0,0.0,0.0,0.0,0.0,0.0,0.0,0.0,0.0,0.0,0.0,0.0,0.0,0.0,,,,,,,,
Benno Schmitz,Defender,0.0,,0.0,0.0,0.0,,0.0,0.0,0.0,0.0,0.0,0.0,0.0,0.0,0.0,0.0,0.0,0.0,0.0,0.0,0.0,0.0,0.0,0.0,0.0,0.0,0.0,0.0,0.0,0.0,0.0,0.0,0.0,0.0,0.0,0.0,0.0,0.0,0.0,0.0,0.0,0.0,0.0,
Lukas Klostermann,Defender,39.8,,0.0,-3.0,-2.0,,0.0,0.0,0.0,0.0,-2.4,-10.0,1.5,0.0,0.0,0.0,4.2,0.8,0.0,0.0,0.5,0.0,0.0,0.0,0.0,0.0,0.0,0.0,0.0,0.0,0.0,0.0,0.0,0.0,0.5,-0.8,10.0,1.0,0.0,1.0,2.0,1.0,0.5,
Josip Juranovic,Defender,0.0,,0.0,0.0,0.0,,0.0,0.0,0.0,0.0,0.0,0.0,0.0,0.0,0.0,0.0,0.0,0.0,0.0,0.0,0.0,0.0,0.0,0.0,0.0,0.0,0.0,0.0,0.0,0.0,0.0,0.0,0.0,0.0,0.0,0.0,0.0,0.0,0.0,0.0,0.0,0.0,0.0,
Leonardo Bittencourt,Midfielder,39.3,,0.0,0.0,-2.0,3.0,0.0,0.0,0.0,0.0,-6.0,-4.8,2.4,3.0,0.0,0.0,3.8,1.5,0.0,0.0,2.5,0.0,0.0,0.0,0.0,0.0,0.0,0.0,0.0,0.0,0.0,0.0,0.0,0.0,0.5,-2.1,,,0.0,0.0,0.0,2.5,,
Jens Stage,Midfielder,31.7,,0.0,-3.0,-5.0,0.0,0.0,0.0,0.0,0.0,-4.0,-6.4,2.4,0.0,0.0,4.0,4.3,1.8,0.0,0.0,0.0,0.0,0.0,0.0,0.0,0.0,0.0,0.0,0.0,0.0,0.0,0.0,0.0,0.0,1.5,-2.4,,,0.0,0.0,1.0,2.5,,
Deniz Undav,Forward,73.9,,0.0,0.0,-0.5,1.0,0.0,0.0,0.0,0.0,-1.3,-8.0,5.0,0.0,3.0,4.0,1.6,0.6000000000000001,12.0,0.5,1.0,-5.0,-10.0,0.0,0.0,0.0,0.0,0.0,0.0,0.0,0.0,0.0,0.0,,,,,,,,,,,
Tiago Tomás,Forward,28.5,,0.0,-3.0,-0.5,1.0,0.0,0.0,0.0,0.0,-0.9,-1.0,2.0,0.0,0.0,2.0,0.7000000000000001,0.2,0.0,0.5,2.5,0.0,0.0,0.0,0.0,0.0,0.0,0.0,0.0,0.0,0.0,0.0,0.0,,,,,,,,,,,
Aurélio Buta,Defender,28.6,,0.0,-3.0,0.0,,0.0,0.0,0.0,0.0,-6.6,-8.0,4.5,0.0,0.0,0.0,1.1,1.6,6.0,0.5,2.5,0.0,0.0,0.0,0.0,0.0,0.0,0.0,0.0,0.0,0.0,0.0,0.0,-8.0,0.0,-1.0,0.0,1.0,3.0,0.0,0.0,0.0,0.0,
Gonçalo Paciência,Forward,16.8,,0.0,-3.0,-0.5,1.0,0.0,0.0,0.0,0.0,-0.9,-6.0,1.0,0.0,0.0,0.0,0.1,0.1,0.0,0.0,0.0,0.0,0.0,0.0,0.0,0.0,0.0,0.0,0.0,0.0,0.0,0.0,0.0,,,,,,,,,,,
Fredrik Jensen,Midfielder,42.5,,0.0,0.0,0.0,0.0,0.0,0.0,0.0,0.0,-6.5,-0.8,1.6,0.0,0.0,2.0,1.3,1.8,3.0,0.0,5.0,0.0,0.0,0.0,0.0,0.0,0.0,0.0,0.0,0.0,0.0,0.0,0.0,-4.0,1.0,-0.9,,,3.0,0.0,0.0,1.0,,
Luca Netz,Defender,51.1,,0.0,0.0,0.0,,0.0,0.0,0.0,0.0,-7.2,-12.0,10.5,12.0,0.0,0.0,3.5,1.2,0.0,0.5,2.0,0.0,0.0,0.0,0.0,0.0,0.0,0.0,0.0,0.0,0.0,0.0,0.0,-4.0,1.5,-1.4,0.0,2.0,3.0,2.0,0.0,1.5,1.0,
Anwar El Ghazi,Forward,0.0,,0.0,0.0,0.0,0.0,0.0,0.0,0.0,0.0,0.0,0.0,0.0,0.0,0.0,0.0,0.0,0.0,0.0,0.0,0.0,0.0,0.0,0.0,0.0,0.0,0.0,0.0,0.0,0.0,0.0,0.0,0.0,,,,,,,,,,,
Matej Maglica,Defender,17.7,,0.0,0.0,-2.0,,0.0,0.0,0.0,0.0,-1.2,-2.0,1.5,0.0,0.0,0.0,1.5,0.8,0.0,0.0,0.5,0.0,0.0,0.0,0.0,0.0,0.0,0.0,0.0,0.0,0.0,0.0,0.0,0.0,1.0,-0.4,0.0,1.0,0.0,0.0,0.0,0.5,1.5,
Christoph Klarer,Defender,17.5,,0.0,0.0,0.0,,0.0,0.0,0.0,0.0,-3.0,-4.0,1.5,0.0,0.0,0.0,4.3,0.8,0.0,0.0,0.0,0.0,0.0,0.0,0.0,0.0,0.0,0.0,0.0,0.0,0.0,0.0,0.0,-24.0,1.5,-0.6000000000000001,0.0,1.0,0.0,0.0,0.0,1.0,4.0,
Klaus Gjasula,Midfielder,18.4,,0.0,0.0,-1.0,0.0,0.0,0.0,0.0,0.0,-0.5,-0.8,0.0,3.0,0.0,0.0,1.5,0.0,0.0,0.0,0.5,0.0,0.0,0.0,0.0,0.0,0.0,0.0,0.0,0.0,0.0,0.0,0.0,0.0,1.0,-0.30000000000000004,,,0.0,0.0,0.0,0.0,,
Andreas Müller,Midfielder,0.0,,0.0,0.0,0.0,0.0,0.0,0.0,0.0,0.0,0.0,0.0,0.0,0.0,0.0,0.0,0.0,0.0,0.0,0.0,0.0,0.0,0.0,0.0,0.0,0.0,0.0,0.0,0.0,0.0,0.0,0.0,0.0,0.0,0.0,0.0,,,0.0,0.0,0.0,0.0,,
Robert Andrich,Midfielder,0.0,,0.0,0.0,0.0,0.0,0.0,0.0,0.0,0.0,0.0,0.0,0.0,0.0,0.0,0.0,0.0,0.0,0.0,0.0,0.0,0.0,0.0,0.0,0.0,0.0,0.0,0.0,0.0,0.0,0.0,0.0,0.0,0.0,0.0,0.0,,,0.0,0.0,0.0,0.0,,
Linton Maina,Midfielder,29.1,,0.0,0.0,0.0,0.0,0.0,0.0,0.0,0.0,-2.5,-0.8,0.0,0.0,0.0,2.0,0.6000000000000001,0.9,0.0,0.0,1.5,0.0,0.0,0.0,0.0,0.0,0.0,0.0,0.0,0.0,0.0,0.0,0.0,-8.0,0.0,-0.6000000000000001,,,0.0,0.0,0.0,1.0,,
Mohamed Simakan,Defender,52.0,,0.0,-3.0,-4.0,,0.0,0.0,0.0,0.0,-3.6,-10.0,7.5,0.0,0.0,3.0,5.2,3.2,0.0,0.5,1.0,0.0,0.0,0.0,0.0,0.0,0.0,0.0,0.0,0.0,0.0,0.0,0.0,0.0,2.5,-0.8,10.0,0.5,0.0,0.0,0.0,1.0,4.0,
Lovro Majer,Midfielder,60.0,,0.0,0.0,-2.0,0.0,0.0,0.0,0.0,0.0,-7.0,-2.4,0.8,0.0,0.0,2.0,2.2,3.0,3.0,0.5,1.0,0.0,0.0,0.0,0.0,0.0,0.0,0.0,0.0,0.0,0.0,0.0,0.0,-2.0,0.0,-2.4,,,0.0,0.0,0.0,1.5,,
Sven Ulreich,Goalkeeper,0.0,,0.0,0.0,0.0,,0.0,,,,0.0,,,,0.0,0.0,0.0,0.0,0.0,,,0.0,0.0,0.0,0.0,0.0,0.0,0.0,0.0,0.0,0.0,0.0,0.0,0.0,0.0,0.0,,,,,,,,
Mario Götze,Midfielder,25.1,,0.0,0.0,0.0,0.0,0.0,0.0,0.0,0.0,-2.5,-0.8,0.8,0.0,0.0,0.0,0.5,0.6000000000000001,0.0,0.0,0.5,0.0,0.0,0.0,0.0,0.0,0.0,0.0,0.0,0.0,0.0,0.0,0.0,-2.0,0.0,-1.5,,,3.0,0.0,0.0,1.5,,
Mitchell Weiser,Defender,37.8,,0.0,0.0,0.0,,0.0,0.0,0.0,0.0,-13.2,-10.0,4.5,0.0,0.0,0.0,2.9,2.8,0.0,0.0,2.5,0.0,0.0,0.0,0.0,0.0,0.0,0.0,0.0,0.0,0.0,0.0,0.0,0.0,1.5,-2.2,10.0,0.0,0.0,0.0,0.0,1.5,2.5,
Marius Wolf,Defender,10.3,,0.0,0.0,-2.0,,0.0,0.0,0.0,0.0,-10.2,-4.0,4.5,0.0,0.0,3.0,2.9,5.2,0.0,0.5,4.0,0.0,0.0,0.0,0.0,0.0,0.0,0.0,0.0,0.0,0.0,0.0,0.0,-12.0,1.0,-1.6,0.0,0.0,0.0,0.0,0.0,2.0,2.0,
Ivan Ordets,Defender,41.9,,0.0,0.0,-2.0,,0.0,0.0,0.0,0.0,0.0,-4.0,0.0,9.0,0.0,0.0,1.0,0.4,0.0,0.0,0.0,0.0,0.0,0.0,0.0,0.0,0.0,0.0,0.0,0.0,0.0,0.0,0.0,0.0,0.5,0.0,0.0,1.0,0.0,0.0,0.0,0.5,0.5,
Rocco Reitz,Midfielder,58.7,,0.0,0.0,-1.0,1.0,0.0,4.0,0.0,0.0,-6.0,-2.4,8.0,3.0,0.0,0.0,4.8,2.1,3.0,1.5,0.0,0.0,0.0,0.0,0.0,0.0,0.0,0.0,0.0,0.0,0.0,0.0,0.0,-2.0,1.5,-3.3,,,6.0,0.0,0.0,3.5,,
Ludovic Ajorque,Forward,30.9,,0.0,0.0,-1.5,0.0,0.0,0.0,0.0,0.0,-0.7000000000000001,-6.0,3.0,0.0,0.0,0.0,0.5,0.1,0.0,0.0,0.5,0.0,0.0,0.0,0.0,0.0,0.0,0.0,0.0,0.0,0.0,0.0,0.0,,,,,,,,,,,
Danny da Costa,Defender,29.5,,0.0,0.0,-2.0,,0.0,4.0,0.0,0.0,-12.0,-8.0,10.5,3.0,0.0,0.0,1.8,1.6,0.0,0.0,2.0,0.0,0.0,0.0,0.0,0.0,0.0,0.0,0.0,0.0,0.0,0.0,0.0,-8.0,1.0,-2.4,0.0,2.0,12.0,1.0,0.0,5.5,2.5,
Marcel Schuhen,Goalkeeper,37.9,,0.0,0.0,0.0,,0.0,,,,-3.9,,,,0.0,0.0,3.9,0.0,0.0,,,0.0,0.0,16.0,12.0,0.0,1.5,15.0,0.0,0.0,0.0,0.0,3.0,-24.0,2.0,-2.6,,,,,,,,
Tim Siersleben,Defender,73.5,,0.0,0.0,-4.0,,0.0,0.0,0.0,0.0,-2.4,-14.0,3.0,3.0,0.0,0.0,5.8,5.2,0.0,0.0,0.5,0.0,0.0,0.0,0.0,0.0,0.0,0.0,0.0,0.0,0.0,0.0,0.0,-8.0,4.5,-0.6000000000000001,0.0,0.5,3.0,0.0,2.0,4.5,10.5,
Wout Weghorst,Forward,78.5,,0.0,0.0,-0.5,2.0,0.0,4.0,0.0,0.0,-1.3,-6.0,10.0,0.0,3.0,2.0,1.2,0.6000000000000001,3.0,0.0,0.5,0.0,0.0,0.0,0.0,0.0,0.0,0.0,0.0,0.0,0.0,0.0,0.0,,,,,,,,,,,
Noah Atubolu,Goalkeeper,45.7,,0.0,0.0,0.0,,0.0,,,,-2.7,,,,0.0,0.0,2.2,0.5,0.0,,,0.0,0.0,4.0,2.0,0.0,1.5,6.0,0.0,0.0,0.0,0.0,3.0,-6.0,2.0,-1.8,,,,,,,,
Merlin Röhl,Midfielder,41.2,,0.0,0.0,-1.0,3.0,0.0,0.0,0.0,0.0,-3.0,-3.2,5.6,0.0,0.0,0.0,0.7000000000000001,0.0,3.0,0.5,0.0,0.0,0.0,0.0,0.0,0.0,0.0,0.0,0.0,0.0,0.0,0.0,0.0,-4.0,0.0,-0.9,,,3.0,0.0,0.0,2.5,,
Josip Stanišić,Defender,0.0,,0.0,0.0,0.0,,0.0,0.0,0.0,0.0,0.0,0.0,0.0,0.0,0.0,0.0,0.0,0.0,0.0,0.0,0.0,0.0,0.0,0.0,0.0,0.0,0.0,0.0,0.0,0.0,0.0,0.0,0.0,0.0,0.0,0.0,0.0,0.0,0.0,0.0,0.0,0.0,0.0,
Benjamin Henrichs,Defender,100.0,,0.0,0.0,0.0,,0.0,0.0,0.0,0.0,-6.0,-2.0,7.5,0.0,6.0,12.0,3.2,4.0,3.0,1.5,3.0,0.0,0.0,0.0,0.0,0.0,0.0,0.0,0.0,0.0,0.0,0.0,0.0,0.0,2.0,-1.4,10.0,1.5,0.0,0.0,0.0,1.0,2.5,
Alex Král,Midfielder,26.6,,0.0,0.0,0.0,0.0,0.0,0.0,0.0,0.0,-1.0,-1.6,0.0,3.0,0.0,0.0,1.1,0.6000000000000001,0.0,0.0,0.0,0.0,0.0,0.0,0.0,0.0,0.0,0.0,0.0,0.0,0.0,0.0,0.0,-2.0,0.0,0.0,,,0.0,0.0,0.0,1.5,,
Justin Njinmah,Forward,28.9,,0.0,0.0,0.0,0.0,0.0,0.0,0.0,0.0,-0.1,0.0,1.0,0.0,0.0,0.0,0.0,0.0,3.0,0.0,0.0,0.0,0.0,0.0,0.0,0.0,0.0,0.0,0.0,0.0,0.0,0.0,0.0,,,,,,,,,,,
Donyell Malen,Forward,41.8,,0.0,0.0,0.0,1.0,0.0,0.0,0.0,0.0,-1.0,-1.0,3.0,0.0,3.0,2.0,0.9,0.4,0.0,1.0,2.5,0.0,-5.0,0.0,0.0,0.0,0.0,0.0,0.0,0.0,0.0,0.0,0.0,,,,,,,,,,,
Cristian Gamboa,Defender,28.6,,0.0,0.0,-2.0,,0.0,0.0,0.0,0.0,-5.4,-6.0,3.0,3.0,0.0,0.0,1.2,1.2,0.0,0.0,0.0,0.0,0.0,0.0,0.0,0.0,0.0,0.0,0.0,0.0,0.0,0.0,0.0,-8.0,0.5,-1.4,0.0,1.0,3.0,0.0,0.0,2.5,1.0,
Takuma Asano,Forward,37.7,,0.0,0.0,0.0,1.0,0.0,0.0,0.0,0.0,-0.9,-3.0,2.0,0.0,0.0,0.0,1.4,0.7000000000000001,0.0,0.5,1.0,0.0,0.0,0.0,0.0,0.0,0.0,0.0,0.0,0.0,0.0,0.0,0.0,,,,,,,,,,,
Philipp Förster,Midfielder,38.5,,0.0,0.0,0.0,4.0,0.0,0.0,0.0,0.0,-6.5,-2.4,4.0,0.0,0.0,2.0,1.1,1.5,0.0,0.0,2.0,0.0,0.0,0.0,0.0,0.0,0.0,0.0,0.0,0.0,0.0,0.0,0.0,-2.0,0.5,-2.7,,,0.0,0.0,0.0,2.0,,
Silas Katompa Mvumpa,Forward,38.9,,0.0,0.0,-0.5,1.0,0.0,0.0,0.0,0.0,-1.3,-9.0,5.0,0.0,0.0,0.0,2.0,1.2,3.0,2.0,0.5,0.0,0.0,0.0,0.0,0.0,0.0,0.0,0.0,0.0,0.0,0.0,0.0,,,,,,,,,,,
Marvin Pieringer,Forward,20.6,,0.0,-3.0,-0.5,0.0,0.0,0.0,0.0,0.0,-0.5,-4.0,2.0,0.0,0.0,0.0,0.7000000000000001,0.4,0.0,0.0,0.5,0.0,0.0,0.0,0.0,0.0,0.0,0.0,0.0,0.0,0.0,0.0,0.0,,,,,,,,,,,
Omar Traoré,Defender,33.1,,0.0,0.0,0.0,,0.0,0.0,0.0,0.0,-4.8,-6.0,4.5,3.0,0.0,0.0,1.2,1.6,0.0,0.5,0.5,0.0,0.0,0.0,0.0,0.0,0.0,0.0,0.0,0.0,0.0,0.0,0.0,-4.0,0.5,-0.4,0.0,0.5,0.0,0.0,0.0,1.0,0.0,
Lukas Kübler,Defender,37.0,,0.0,-3.0,-4.0,,0.0,0.0,0.0,0.0,-4.2,-4.0,1.5,9.0,0.0,0.0,1.2,2.0,0.0,0.0,1.5,0.0,0.0,0.0,0.0,0.0,0.0,0.0,0.0,0.0,0.0,0.0,0.0,-8.0,1.0,-1.0,0.0,1.5,0.0,0.0,6.0,1.0,1.5,
Noah Weißhaupt,Midfielder,26.2,,0.0,0.0,0.0,0.0,0.0,0.0,0.0,0.0,-1.5,-0.8,0.0,0.0,0.0,2.0,0.30000000000000004,0.30000000000000004,0.0,0.0,0.5,0.0,0.0,0.0,0.0,0.0,0.0,0.0,0.0,0.0,0.0,0.0,0.0,0.0,0.5,-0.6000000000000001,,,0.0,0.0,0.0,0.5,,
Marvin Schwäbe,Goalkeeper,38.5,,0.0,0.0,0.0,,0.0,,,,-2.1,,,,0.0,0.0,3.3,0.0,0.0,,,0.0,0.0,14.0,10.0,0.0,1.5,15.0,0.0,0.0,0.0,0.0,0.0,-18.0,0.8,-1.0,,,,,,,,
Paul Jaeckel,Defender,0.0,,0.0,0.0,0.0,,0.0,0.0,0.0,0.0,0.0,0.0,0.0,0.0,0.0,0.0,0.0,0.0,0.0,0.0,0.0,0.0,0.0,0.0,0.0,0.0,0.0,0.0,0.0,0.0,0.0,0.0,0.0,0.0,0.0,0.0,0.0,0.0,0.0,0.0,0.0,0.0,0.0,
Lucas Tousart,Midfielder,0.0,,0.0,0.0,0.0,0.0,0.0,0.0,0.0,0.0,0.0,0.0,0.0,0.0,0.0,0.0,0.0,0.0,0.0,0.0,0.0,0.0,0.0,0.0,0.0,0.0,0.0,0.0,0.0,0.0,0.0,0.0,0.0,0.0,0.0,0.0,,,0.0,0.0,0.0,0.0,,
Diogo Leite,Defender,40.3,,0.0,-3.0,-4.0,,0.0,0.0,0.0,0.0,-10.2,-8.0,7.5,3.0,0.0,0.0,4.1,3.6,0.0,0.0,0.0,0.0,0.0,0.0,0.0,0.0,0.0,0.0,0.0,0.0,0.0,0.0,0.0,-8.0,1.5,-2.2,0.0,1.5,12.0,0.0,2.0,1.5,4.0,
Mattias Svanberg,Midfielder,78.3,,0.0,0.0,-1.0,6.0,0.0,0.0,0.0,0.0,-7.5,-0.8,4.8,3.0,0.0,2.0,5.4,4.8,3.0,0.0,4.0,0.0,0.0,0.0,0.0,0.0,0.0,0.0,0.0,0.0,0.0,0.0,0.0,-6.0,1.5,-2.4,,,0.0,0.0,0.0,1.5,,
Felix Passlack,Defender,0.0,,0.0,0.0,0.0,,0.0,0.0,0.0,0.0,0.0,0.0,0.0,0.0,0.0,0.0,0.0,0.0,0.0,0.0,0.0,0.0,0.0,0.0,0.0,0.0,0.0,0.0,0.0,0.0,0.0,0.0,0.0,0.0,0.0,0.0,0.0,0.0,0.0,0.0,0.0,0.0,0.0,
Mads Pedersen,Defender,20.1,,0.0,-3.0,-4.0,,0.0,0.0,0.0,0.0,-6.0,-4.0,1.5,0.0,0.0,3.0,0.5,0.8,0.0,0.5,1.0,0.0,0.0,0.0,0.0,0.0,0.0,0.0,0.0,0.0,0.0,0.0,0.0,-8.0,0.5,-1.2,0.0,1.0,0.0,0.0,0.0,2.0,0.5,
Finn Dahmen,Goalkeeper,47.4,,0.0,0.0,0.0,,0.0,,,,-3.3,,,,0.0,0.0,3.3,1.5,0.0,,,0.0,0.0,8.0,4.0,1.5,0.0,3.0,0.0,0.0,0.0,0.0,0.0,-6.0,2.4,-2.0,,,,,,,,
Nathan Ngoumou,Midfielder,52.9,,0.0,0.0,0.0,1.0,0.0,0.0,0.0,0.0,-1.5,-1.6,4.0,3.0,0.0,2.0,2.2,2.4,3.0,1.5,1.0,0.0,0.0,0.0,0.0,0.0,0.0,0.0,0.0,0.0,0.0,0.0,0.0,-2.0,0.0,-0.6000000000000001,,,3.0,0.0,0.0,0.5,,
Jae-Sung Lee,Midfielder,30.9,,0.0,-3.0,0.0,2.0,0.0,0.0,0.0,0.0,-2.5,-4.0,4.8,3.0,0.0,2.0,1.5,0.30000000000000004,0.0,0.0,0.5,0.0,0.0,0.0,0.0,0.0,0.0,0.0,0.0,0.0,0.0,0.0,0.0,-2.0,0.0,-1.2,,,3.0,0.0,0.0,1.5,,
Sepp van den Berg,Defender,33.4,,0.0,0.0,-4.0,,0.0,4.0,0.0,0.0,-12.0,-14.0,13.5,9.0,0.0,0.0,2.3,0.0,0.0,0.0,0.0,0.0,0.0,0.0,0.0,0.0,0.0,0.0,0.0,0.0,0.0,0.0,0.0,-8.0,2.0,-3.4,0.0,2.0,0.0,0.0,2.0,2.0,3.0,
Adrian Beck,Midfielder,26.6,,0.0,0.0,-1.0,0.0,0.0,0.0,0.0,0.0,-4.0,-7.2,0.8,0.0,0.0,0.0,1.7000000000000002,1.2,0.0,0.0,0.0,0.0,0.0,0.0,0.0,0.0,0.0,0.0,0.0,0.0,0.0,0.0,0.0,-2.0,0.0,-0.9,,,3.0,0.0,0.0,0.0,,
Leonardo Bonucci,Defender,50.1,,0.0,0.0,0.0,,0.0,4.0,0.0,0.0,-9.6,-2.0,6.0,0.0,0.0,0.0,3.1,1.6,0.0,0.5,1.5,0.0,0.0,0.0,0.0,0.0,0.0,0.0,0.0,0.0,0.0,0.0,0.0,-8.0,2.5,-3.0,0.0,2.0,6.0,0.0,2.0,2.0,6.5,
Eric Martel,Midfielder,0.8,,0.0,0.0,-2.0,1.0,0.0,0.0,0.0,0.0,-5.0,-4.0,3.2,0.0,0.0,0.0,2.9,1.2,0.0,0.0,0.5,0.0,0.0,0.0,0.0,0.0,0.0,0.0,0.0,0.0,0.0,0.0,0.0,-12.0,0.0,-1.5,,,0.0,0.0,0.0,1.5,,
Christoph Baumgartner,Midfielder,63.7,,0.0,0.0,-1.0,1.0,0.0,0.0,0.0,0.0,-1.5,-1.6,2.4,0.0,0.0,0.0,0.6000000000000001,0.9,3.0,0.0,0.0,0.0,0.0,0.0,0.0,0.0,0.0,0.0,0.0,0.0,0.0,0.0,0.0,0.0,0.0,-0.6000000000000001,,,0.0,0.0,0.0,0.5,,
Janik Haberer,Midfielder,34.6,,0.0,0.0,-1.0,0.0,0.0,0.0,0.0,0.0,-3.0,-2.4,0.8,0.0,0.0,0.0,2.4,1.8,0.0,0.5,0.5,0.0,0.0,0.0,0.0,0.0,0.0,0.0,0.0,0.0,0.0,0.0,0.0,-2.0,1.0,-1.5,,,0.0,0.0,0.0,2.5,,
Václav Černý,Forward,27.5,,0.0,0.0,0.0,0.0,0.0,0.0,0.0,0.0,-0.1,0.0,0.0,0.0,0.0,0.0,0.30000000000000004,0.30000000000000004,0.0,0.0,2.0,0.0,0.0,0.0,0.0,0.0,0.0,0.0,0.0,0.0,0.0,0.0,0.0,,,,,,,,,,,
Philipp Hofmann,Forward,30.8,,0.0,0.0,0.0,0.0,0.0,0.0,0.0,0.0,-0.4,0.0,7.0,0.0,0.0,0.0,0.6000000000000001,0.1,3.0,0.5,0.0,0.0,-5.0,0.0,0.0,0.0,0.0,0.0,0.0,0.0,0.0,0.0,0.0,,,,,,,,,,,
Aymen Barkok,Midfielder,13.5,,0.0,0.0,-5.0,1.0,0.0,0.0,0.0,0.0,-9.0,-10.4,5.6,0.0,0.0,0.0,0.9,1.5,6.0,0.5,1.5,0.0,0.0,0.0,0.0,0.0,0.0,0.0,0.0,0.0,0.0,0.0,0.0,-2.0,0.5,-3.6,,,0.0,0.0,0.0,1.0,,
Maximilian Mittelstädt,Defender,0.0,,0.0,0.0,0.0,,0.0,0.0,0.0,0.0,0.0,0.0,0.0,0.0,0.0,0.0,0.0,0.0,0.0,0.0,0.0,0.0,0.0,0.0,0.0,0.0,0.0,0.0,0.0,0.0,0.0,0.0,0.0,0.0,0.0,0.0,0.0,0.0,0.0,0.0,0.0,0.0,0.0,
Lennard Maloney,Defender,44.4,,0.0,0.0,-2.0,,0.0,0.0,0.0,0.0,-4.2,-6.0,6.0,3.0,0.0,3.0,4.1,4.0,0.0,0.0,0.5,0.0,0.0,0.0,0.0,0.0,0.0,0.0,0.0,0.0,0.0,0.0,0.0,-8.0,2.0,-1.0,0.0,1.5,3.0,0.0,0.0,2.0,1.5,
Marius Bülter,Forward,24.4,,0.0,0.0,0.0,1.0,0.0,0.0,0.0,0.0,-0.1,-3.0,1.0,0.0,0.0,0.0,0.30000000000000004,0.2,0.0,0.0,0.0,0.0,0.0,0.0,0.0,0.0,0.0,0.0,0.0,0.0,0.0,0.0,0.0,,,,,,,,,,,
Manuel Gulde,Defender,63.1,,0.0,0.0,-2.0,,0.0,0.0,0.0,0.0,-1.8,-2.0,1.5,3.0,0.0,0.0,1.3,0.0,3.0,0.0,0.0,0.0,0.0,0.0,0.0,0.0,0.0,0.0,0.0,0.0,0.0,0.0,0.0,0.0,0.0,-0.4,0.0,0.0,0.0,0.0,0.0,0.0,0.5,
Nicolas Seiwald,Midfielder,0.0,,0.0,0.0,0.0,0.0,0.0,0.0,0.0,0.0,0.0,0.0,0.0,0.0,0.0,0.0,0.0,0.0,0.0,0.0,0.0,0.0,0.0,0.0,0.0,0.0,0.0,0.0,0.0,0.0,0.0,0.0,0.0,0.0,0.0,0.0,,,0.0,0.0,0.0,0.0,,
Hrvoje Smolčić,Defender,0.0,,0.0,0.0,0.0,,0.0,0.0,0.0,0.0,0.0,0.0,0.0,0.0,0.0,0.0,0.0,0.0,0.0,0.0,0.0,0.0,0.0,0.0,0.0,0.0,0.0,0.0,0.0,0.0,0.0,0.0,0.0,0.0,0.0,0.0,0.0,0.0,0.0,0.0,0.0,0.0,0.0,
Niels Nkounkou,Defender,25.7,,0.0,0.0,0.0,,0.0,0.0,0.0,0.0,0.0,0.0,0.0,0.0,0.0,0.0,0.2,0.0,0.0,0.0,0.0,0.0,0.0,0.0,0.0,0.0,0.0,0.0,0.0,0.0,0.0,0.0,0.0,0.0,0.0,0.0,0.0,0.0,0.0,0.0,0.0,0.0,0.5,
Nicolai Rapp,Midfielder,0.0,,0.0,0.0,0.0,0.0,0.0,0.0,0.0,0.0,0.0,0.0,0.0,0.0,0.0,0.0,0.0,0.0,0.0,0.0,0.0,0.0,0.0,0.0,0.0,0.0,0.0,0.0,0.0,0.0,0.0,0.0,0.0,0.0,0.0,0.0,,,0.0,0.0,0.0,0.0,,
Giovanni Reyna,Midfielder,41.8,,0.0,0.0,0.0,0.0,0.0,0.0,0.0,0.0,-4.0,-0.8,3.2,3.0,3.0,2.0,1.9,1.8,0.0,0.5,1.5,0.0,0.0,0.0,0.0,0.0,0.0,0.0,0.0,0.0,0.0,0.0,0.0,-4.0,0.0,-1.8,,,0.0,0.0,0.0,0.5,,
Bernardo,Defender,58.1,,0.0,-3.0,-2.0,,0.0,0.0,6.0,0.0,-8.4,-6.0,15.0,9.0,0.0,3.0,2.9,1.2,3.0,0.0,0.0,0.0,0.0,0.0,0.0,0.0,0.0,0.0,0.0,0.0,0.0,0.0,0.0,-8.0,1.0,-2.6,0.0,0.0,6.0,0.0,0.0,4.5,1.5,
Luca Pfeiffer,Forward,41.6,,0.0,0.0,0.0,0.0,0.0,0.0,0.0,0.0,-0.7000000000000001,-4.0,2.0,0.0,3.0,2.0,0.7000000000000001,0.1,3.0,0.5,0.0,0.0,0.0,0.0,0.0,0.0,0.0,0.0,0.0,0.0,0.0,0.0,0.0,,,,,,,,,,,
Emir Karic,Defender,8.1,,0.0,0.0,0.0,,0.0,0.0,0.0,0.0,-5.4,-2.0,1.5,0.0,0.0,0.0,1.6,2.0,0.0,0.0,0.0,0.0,0.0,0.0,0.0,0.0,0.0,0.0,0.0,0.0,0.0,0.0,0.0,-20.0,0.5,-1.6,0.0,0.5,3.0,0.0,0.0,1.5,1.5,
Yannik Keitel,Midfielder,0.0,,0.0,0.0,0.0,0.0,0.0,0.0,0.0,0.0,0.0,0.0,0.0,0.0,0.0,0.0,0.0,0.0,0.0,0.0,0.0,0.0,0.0,0.0,0.0,0.0,0.0,0.0,0.0,0.0,0.0,0.0,0.0,0.0,0.0,0.0,,,0.0,0.0,0.0,0.0,,
Adam Hložek,Forward,25.9,,0.0,0.0,0.0,0.0,0.0,0.0,0.0,0.0,-0.1,0.0,1.0,0.0,0.0,0.0,0.0,0.0,0.0,0.0,0.0,0.0,0.0,0.0,0.0,0.0,0.0,0.0,0.0,0.0,0.0,0.0,0.0,,,,,,,,,,,
Mathys Tel,Forward,27.9,,0.0,0.0,-1.0,0.0,0.0,0.0,0.0,0.0,-0.30000000000000004,-4.0,3.0,0.0,0.0,0.0,0.4,0.30000000000000004,3.0,1.5,0.0,0.0,0.0,0.0,0.0,0.0,0.0,0.0,0.0,0.0,0.0,0.0,0.0,,,,,,,,,,,
Christopher Antwi-Adjei,Forward,0.0,,0.0,0.0,0.0,0.0,0.0,0.0,0.0,0.0,0.0,0.0,0.0,0.0,0.0,0.0,0.0,0.0,0.0,0.0,0.0,0.0,0.0,0.0,0.0,0.0,0.0,0.0,0.0,0.0,0.0,0.0,0.0,,,,,,,,,,,
Lukas Daschner,Midfielder,23.6,,0.0,0.0,0.0,0.0,0.0,0.0,0.0,0.0,0.0,0.0,0.0,0.0,0.0,0.0,0.30000000000000004,0.30000000000000004,0.0,0.0,0.0,0.0,0.0,0.0,0.0,0.0,0.0,0.0,0.0,0.0,0.0,0.0,0.0,-2.0,0.0,0.0,,,0.0,0.0,0.0,0.0,,
Ruben Vargas,Midfielder,26.0,,0.0,0.0,-1.0,0.0,0.0,0.0,0.0,0.0,-2.0,-1.6,0.8,0.0,0.0,0.0,0.5,0.6000000000000001,0.0,0.0,0.0,0.0,0.0,0.0,0.0,0.0,0.0,0.0,0.0,0.0,0.0,0.0,0.0,0.0,0.0,-0.30000000000000004,,,3.0,0.0,0.0,1.0,,
Jamie Leweling,Forward,25.2,,0.0,0.0,0.0,0.0,0.0,0.0,0.0,0.0,-0.9,-2.0,0.0,0.0,0.0,0.0,1.1,0.5,0.0,0.0,1.5,0.0,0.0,0.0,0.0,0.0,0.0,0.0,0.0,0.0,0.0,0.0,0.0,,,,,,,,,,,
Jonas Föhrenbach,Defender,44.5,,0.0,0.0,-2.0,,0.0,0.0,0.0,0.0,-7.2,-10.0,1.5,3.0,0.0,6.0,2.7,3.2,0.0,0.0,2.5,0.0,0.0,0.0,0.0,0.0,0.0,0.0,0.0,0.0,0.0,0.0,0.0,-8.0,3.0,-1.2,0.0,0.0,3.0,0.0,4.0,6.0,3.0,
Niklas Stark,Defender,0.0,,0.0,0.0,0.0,,0.0,0.0,0.0,0.0,0.0,0.0,0.0,0.0,0.0,0.0,0.0,0.0,0.0,0.0,0.0,0.0,0.0,0.0,0.0,0.0,0.0,0.0,0.0,0.0,0.0,0.0,0.0,0.0,0.0,0.0,0.0,0.0,0.0,0.0,0.0,0.0,0.0,
Dawid Kownacki,Forward,0.0,,0.0,0.0,0.0,0.0,0.0,0.0,0.0,0.0,0.0,0.0,0.0,0.0,0.0,0.0,0.0,0.0,0.0,0.0,0.0,0.0,0.0,0.0,0.0,0.0,0.0,0.0,0.0,0.0,0.0,0.0,0.0,,,,,,,,,,,
Moritz Nicolas,Goalkeeper,48.2,,0.0,0.0,0.0,,0.0,,,,-2.1,,,,0.0,0.0,4.2,0.0,0.0,,,0.0,0.0,6.0,4.0,1.5,0.0,3.0,0.0,0.0,0.0,0.0,0.0,-3.0,1.0,-1.4,,,,,,,,
Stefan Bell,Defender,33.4,,0.0,0.0,0.0,,0.0,0.0,0.0,0.0,-2.4,-2.0,4.5,0.0,0.0,0.0,1.1,0.0,0.0,0.0,0.0,0.0,0.0,0.0,0.0,0.0,0.0,0.0,0.0,0.0,0.0,0.0,0.0,-4.0,0.5,-0.8,0.0,0.5,0.0,0.0,0.0,1.0,0.0,
Tom Krauß,Midfielder,64.1,,0.0,0.0,0.0,1.0,0.0,0.0,0.0,0.0,-5.5,-2.4,2.4,0.0,0.0,0.0,1.9,0.6000000000000001,3.0,0.0,0.0,0.0,0.0,0.0,0.0,0.0,0.0,0.0,0.0,0.0,0.0,0.0,0.0,-2.0,0.0,-2.4,,,3.0,0.0,0.0,4.5,,
Oscar Vilhelmsson,Forward,0.0,,0.0,0.0,0.0,0.0,0.0,0.0,0.0,0.0,0.0,0.0,0.0,0.0,0.0,0.0,0.0,0.0,0.0,0.0,0.0,0.0,0.0,0.0,0.0,0.0,0.0,0.0,0.0,0.0,0.0,0.0,0.0,,,,,,,,,,,
Lucas Höler,Forward,30.3,,0.0,-3.0,-1.0,1.0,0.0,0.0,0.0,0.0,-1.2,-14.0,6.0,3.0,0.0,0.0,1.7000000000000002,0.8,0.0,1.0,1.0,0.0,0.0,0.0,0.0,0.0,0.0,0.0,0.0,0.0,0.0,0.0,0.0,,,,,,,,,,,
Amadou Haïdara,Midfielder,72.8,,0.0,0.0,-1.0,2.0,0.0,0.0,0.0,0.0,-3.0,-2.4,3.2,3.0,0.0,2.0,4.3,2.7,0.0,0.0,0.5,0.0,0.0,0.0,0.0,0.0,0.0,0.0,0.0,0.0,0.0,0.0,0.0,0.0,1.5,-1.5,,,0.0,0.0,0.0,1.5,,
Rogério,Defender,0.0,,0.0,0.0,0.0,,0.0,0.0,0.0,0.0,0.0,0.0,0.0,0.0,0.0,0.0,0.0,0.0,0.0,0.0,0.0,0.0,0.0,0.0,0.0,0.0,0.0,0.0,0.0,0.0,0.0,0.0,0.0,0.0,0.0,0.0,0.0,0.0,0.0,0.0,0.0,0.0,0.0,
Cédric Zesiger,Defender,0.0,,0.0,0.0,0.0,,0.0,0.0,0.0,0.0,0.0,0.0,0.0,0.0,0.0,0.0,0.0,0.0,0.0,0.0,0.0,0.0,0.0,0.0,0.0,0.0,0.0,0.0,0.0,0.0,0.0,0.0,0.0,0.0,0.0,0.0,0.0,0.0,0.0,0.0,0.0,0.0,0.0,
Patrick Osterhage,Midfielder,0.0,,0.0,0.0,0.0,0.0,0.0,0.0,0.0,0.0,0.0,0.0,0.0,0.0,0.0,0.0,0.0,0.0,0.0,0.0,0.0,0.0,0.0,0.0,0.0,0.0,0.0,0.0,0.0,0.0,0.0,0.0,0.0,0.0,0.0,0.0,,,0.0,0.0,0.0,0.0,,
Marco Richter,Midfielder,0.0,,0.0,0.0,0.0,0.0,0.0,0.0,0.0,0.0,0.0,0.0,0.0,0.0,0.0,0.0,0.0,0.0,0.0,0.0,0.0,0.0,0.0,0.0,0.0,0.0,0.0,0.0,0.0,0.0,0.0,0.0,0.0,0.0,0.0,0.0,,,0.0,0.0,0.0,0.0,,
Robin Zentner,Goalkeeper,37.8,,0.0,0.0,0.0,,0.0,,,,-4.8,,,,0.0,0.0,2.1,0.0,0.0,,,0.0,0.0,4.0,4.0,1.5,0.0,3.0,0.0,0.0,0.0,0.0,0.0,-6.0,1.8,-2.8,,,,,,,,
Ihlas Bebou,Forward,26.4,,0.0,0.0,0.0,0.0,0.0,0.0,0.0,0.0,-0.7000000000000001,-4.0,2.0,3.0,0.0,0.0,0.6000000000000001,0.0,0.0,0.5,0.0,0.0,0.0,0.0,0.0,0.0,0.0,0.0,0.0,0.0,0.0,0.0,0.0,,,,,,,,,,,
David Datro Fofana,Forward,0.0,,0.0,0.0,0.0,0.0,0.0,0.0,0.0,0.0,0.0,0.0,0.0,0.0,0.0,0.0,0.0,0.0,0.0,0.0,0.0,0.0,0.0,0.0,0.0,0.0,0.0,0.0,0.0,0.0,0.0,0.0,0.0,,,,,,,,,,,
Raphaël Guerreiro,Defender,0.0,,0.0,0.0,0.0,,0.0,0.0,0.0,0.0,0.0,0.0,0.0,0.0,0.0,0.0,0.0,0.0,0.0,0.0,0.0,0.0,0.0,0.0,0.0,0.0,0.0,0.0,0.0,0.0,0.0,0.0,0.0,0.0,0.0,0.0,0.0,0.0,0.0,0.0,0.0,0.0,0.0,
Kristijan Jakić,Midfielder,0.0,,0.0,0.0,0.0,0.0,0.0,0.0,0.0,0.0,0.0,0.0,0.0,0.0,0.0,0.0,0.0,0.0,0.0,0.0,0.0,0.0,0.0,0.0,0.0,0.0,0.0,0.0,0.0,0.0,0.0,0.0,0.0,0.0,0.0,0.0,,,0.0,0.0,0.0,0.0,,
Jamie Bynoe-Gittens,Forward,0.0,,0.0,0.0,0.0,0.0,0.0,0.0,0.0,0.0,0.0,0.0,0.0,0.0,0.0,0.0,0.0,0.0,0.0,0.0,0.0,0.0,0.0,0.0,0.0,0.0,0.0,0.0,0.0,0.0,0.0,0.0,0.0,,,,,,,,,,,
Dion Beljo,Forward,19.9,,0.0,-3.0,-0.5,1.0,0.0,0.0,0.0,0.0,-0.2,-5.0,2.0,0.0,0.0,0.0,0.1,0.0,0.0,0.0,0.5,0.0,0.0,0.0,0.0,0.0,0.0,0.0,0.0,0.0,0.0,0.0,0.0,,,,,,,,,,,
Niklas Dorsch,Midfielder,14.2,,0.0,0.0,-2.0,1.0,0.0,0.0,0.0,0.0,-1.5,-3.2,1.6,0.0,0.0,0.0,3.2,1.2,0.0,0.0,0.0,0.0,0.0,0.0,0.0,0.0,0.0,0.0,0.0,0.0,0.0,0.0,0.0,-4.0,1.0,-0.6000000000000001,,,0.0,0.0,0.0,2.5,,
Tony Jantschke,Defender,0.0,,0.0,0.0,0.0,,0.0,0.0,0.0,0.0,0.0,0.0,0.0,0.0,0.0,0.0,0.0,0.0,0.0,0.0,0.0,0.0,0.0,0.0,0.0,0.0,0.0,0.0,0.0,0.0,0.0,0.0,0.0,0.0,0.0,0.0,0.0,0.0,0.0,0.0,0.0,0.0,0.0,
Grant-Leon Ranos,Forward,0.0,,0.0,0.0,0.0,0.0,0.0,0.0,0.0,0.0,0.0,0.0,0.0,0.0,0.0,0.0,0.0,0.0,0.0,0.0,0.0,0.0,0.0,0.0,0.0,0.0,0.0,0.0,0.0,0.0,0.0,0.0,0.0,,,,,,,,,,,
Tom Bischof,Midfielder,36.3,,0.0,0.0,0.0,1.0,0.0,0.0,0.0,0.0,-5.0,-4.8,4.0,3.0,0.0,0.0,1.6,1.5,0.0,0.5,0.5,0.0,0.0,0.0,0.0,0.0,0.0,0.0,0.0,0.0,0.0,0.0,0.0,-4.0,0.0,-1.5,,,3.0,0.0,0.0,1.5,,
Kiliann Sildillia,Defender,30.6,,0.0,0.0,-2.0,,0.0,0.0,0.0,0.0,-8.4,-22.0,12.0,0.0,0.0,0.0,2.2,2.0,3.0,1.0,2.5,0.0,0.0,0.0,0.0,0.0,0.0,0.0,0.0,0.0,0.0,0.0,0.0,-8.0,0.0,-1.2,0.0,1.0,6.0,0.0,2.0,2.5,3.0,
Maximilian Philipp,Forward,0.0,,0.0,0.0,0.0,0.0,0.0,0.0,0.0,0.0,0.0,0.0,0.0,0.0,0.0,0.0,0.0,0.0,0.0,0.0,0.0,0.0,0.0,0.0,0.0,0.0,0.0,0.0,0.0,0.0,0.0,0.0,0.0,,,,,,,,,,,
Kevin Volland,Forward,0.0,,0.0,0.0,0.0,0.0,0.0,0.0,0.0,0.0,0.0,0.0,0.0,0.0,0.0,0.0,0.0,0.0,0.0,0.0,0.0,0.0,0.0,0.0,0.0,0.0,0.0,0.0,0.0,0.0,0.0,0.0,0.0,,,,,,,,,,,
Ridle Baku,Midfielder,25.4,,0.0,0.0,0.0,0.0,0.0,0.0,0.0,0.0,-1.0,0.0,0.8,0.0,0.0,0.0,0.4,0.30000000000000004,0.0,0.0,0.5,0.0,0.0,0.0,0.0,0.0,0.0,0.0,0.0,0.0,0.0,0.0,0.0,0.0,0.0,-0.6000000000000001,,,0.0,0.0,0.0,0.0,,
Paxten Aaronson,Midfielder,0.0,,0.0,0.0,0.0,0.0,0.0,0.0,0.0,0.0,0.0,0.0,0.0,0.0,0.0,0.0,0.0,0.0,0.0,0.0,0.0,0.0,0.0,0.0,0.0,0.0,0.0,0.0,0.0,0.0,0.0,0.0,0.0,0.0,0.0,0.0,,,0.0,0.0,0.0,0.0,,
Rafael Borré,Forward,42.8,,0.0,0.0,0.0,2.0,0.0,0.0,0.0,0.0,-0.9,-3.0,6.0,0.0,0.0,0.0,2.2,0.5,0.0,0.5,0.5,0.0,0.0,0.0,0.0,0.0,0.0,0.0,0.0,0.0,0.0,0.0,0.0,,,,,,,,,,,
Noah Loosli,Defender,23.3,,0.0,0.0,0.0,,0.0,0.0,0.0,0.0,-0.6000000000000001,0.0,1.5,0.0,0.0,0.0,0.1,0.0,0.0,0.0,0.0,0.0,0.0,0.0,0.0,0.0,0.0,0.0,0.0,0.0,0.0,0.0,0.0,-4.0,0.0,-0.2,0.0,1.0,0.0,0.0,0.0,0.5,0.0,
Robert Gumny,Defender,37.9,,0.0,0.0,0.0,,0.0,0.0,0.0,0.0,-4.8,-4.0,7.5,3.0,0.0,0.0,0.7000000000000001,0.8,0.0,0.0,1.0,0.0,0.0,0.0,0.0,0.0,0.0,0.0,0.0,0.0,0.0,0.0,0.0,-8.0,0.0,-0.8,0.0,1.5,0.0,0.0,4.0,1.0,1.0,
Tim Breithaupt,Midfielder,0.0,,0.0,0.0,0.0,0.0,0.0,0.0,0.0,0.0,0.0,0.0,0.0,0.0,0.0,0.0,0.0,0.0,0.0,0.0,0.0,0.0,0.0,0.0,0.0,0.0,0.0,0.0,0.0,0.0,0.0,0.0,0.0,0.0,0.0,0.0,,,0.0,0.0,0.0,0.0,,
Marvin Friedrich,Defender,0.0,,0.0,0.0,0.0,,0.0,0.0,0.0,0.0,0.0,0.0,0.0,0.0,0.0,0.0,0.0,0.0,0.0,0.0,0.0,0.0,0.0,0.0,0.0,0.0,0.0,0.0,0.0,0.0,0.0,0.0,0.0,0.0,0.0,0.0,0.0,0.0,0.0,0.0,0.0,0.0,0.0,
Manu Koné,Midfielder,0.0,,0.0,0.0,0.0,0.0,0.0,0.0,0.0,0.0,0.0,0.0,0.0,0.0,0.0,0.0,0.0,0.0,0.0,0.0,0.0,0.0,0.0,0.0,0.0,0.0,0.0,0.0,0.0,0.0,0.0,0.0,0.0,0.0,0.0,0.0,,,0.0,0.0,0.0,0.0,,
Lilian Egloff,Midfielder,26.4,,0.0,0.0,0.0,0.0,0.0,0.0,0.0,0.0,-1.0,-1.6,0.0,3.0,0.0,0.0,0.2,0.6000000000000001,0.0,0.0,0.0,0.0,0.0,0.0,0.0,0.0,0.0,0.0,0.0,0.0,0.0,0.0,0.0,0.0,0.5,-0.30000000000000004,,,0.0,0.0,0.0,0.0,,
Junior Adamu,Forward,26.1,,0.0,0.0,0.0,0.0,0.0,0.0,0.0,0.0,-0.30000000000000004,0.0,1.0,0.0,0.0,0.0,0.2,0.2,0.0,0.0,0.0,0.0,0.0,0.0,0.0,0.0,0.0,0.0,0.0,0.0,0.0,0.0,0.0,,,,,,,,,,,
Mathias Olesen,Midfielder,9.5,,0.0,0.0,-2.0,0.0,0.0,0.0,0.0,0.0,-1.5,-1.6,0.0,0.0,0.0,0.0,0.0,0.0,0.0,0.0,0.0,0.0,0.0,0.0,0.0,0.0,0.0,0.0,0.0,0.0,0.0,0.0,0.0,0.0,0.0,-0.9,,,0.0,0.0,0.0,0.5,,
Faride Alidou,Forward,13.5,,0.0,0.0,-0.5,1.0,0.0,0.0,0.0,0.0,-0.5,-3.0,1.0,0.0,0.0,0.0,0.4,0.1,0.0,0.0,0.0,0.0,0.0,0.0,0.0,0.0,0.0,0.0,0.0,0.0,0.0,0.0,0.0,,,,,,,,,,,
Aïssa Laïdouni,Midfielder,30.2,,0.0,-3.0,-2.0,3.0,0.0,0.0,0.0,0.0,-2.0,-3.2,4.8,0.0,0.0,0.0,0.8,1.2,3.0,0.5,0.5,0.0,0.0,0.0,0.0,0.0,0.0,0.0,0.0,0.0,0.0,0.0,0.0,-2.0,0.0,-0.9,,,3.0,0.0,0.0,1.5,,
Kevin Paredes,Midfielder,49.3,,0.0,0.0,0.0,2.0,0.0,4.0,0.0,0.0,-7.0,-1.6,4.0,6.0,0.0,0.0,2.8,3.6,0.0,1.0,1.5,0.0,0.0,0.0,0.0,0.0,0.0,0.0,0.0,0.0,0.0,0.0,0.0,-2.0,0.5,-3.0,,,0.0,0.0,0.0,2.5,,
Joakim Mæhle,Defender,60.0,,0.0,-3.0,-4.0,,0.0,0.0,0.0,0.0,-12.6,-10.0,7.5,0.0,0.0,3.0,3.6,6.8,0.0,0.0,3.5,0.0,0.0,0.0,0.0,0.0,0.0,0.0,0.0,0.0,0.0,0.0,0.0,-12.0,0.5,-2.6,0.0,2.0,3.0,0.0,0.0,3.0,1.0,
Patrick Wimmer,Midfielder,38.4,,0.0,0.0,-1.0,2.0,0.0,0.0,0.0,0.0,-4.5,-4.0,5.6,0.0,0.0,2.0,1.6,0.9,0.0,0.5,0.5,0.0,0.0,0.0,0.0,0.0,0.0,0.0,0.0,0.0,0.0,0.0,0.0,-2.0,0.5,-1.2,,,0.0,0.0,0.0,2.5,,
Jens Petter Hauge,Forward,25.7,,0.0,0.0,0.0,0.0,0.0,0.0,0.0,0.0,0.0,0.0,0.0,0.0,0.0,0.0,0.6000000000000001,0.1,0.0,0.0,0.0,0.0,0.0,0.0,0.0,0.0,0.0,0.0,0.0,0.0,0.0,0.0,0.0,,,,,,,,,,,
Christian Groß,Defender,0.0,,0.0,0.0,0.0,,0.0,0.0,0.0,0.0,0.0,0.0,0.0,0.0,0.0,0.0,0.0,0.0,0.0,0.0,0.0,0.0,0.0,0.0,0.0,0.0,0.0,0.0,0.0,0.0,0.0,0.0,0.0,0.0,0.0,0.0,0.0,0.0,0.0,0.0,0.0,0.0,0.0,
Nick Woltemade,Forward,23.7,,0.0,0.0,-0.5,1.0,0.0,0.0,0.0,0.0,-0.2,-3.0,1.0,0.0,0.0,0.0,0.4,0.0,0.0,0.0,0.0,0.0,0.0,0.0,0.0,0.0,0.0,0.0,0.0,0.0,0.0,0.0,0.0,,,,,,,,,,,
Keven Schlotterbeck,Defender,75.0,,0.0,0.0,-2.0,,0.0,0.0,0.0,0.0,-7.2,-2.0,16.5,3.0,0.0,0.0,1.9,0.0,3.0,0.0,0.5,0.0,0.0,0.0,0.0,0.0,0.0,0.0,0.0,0.0,0.0,0.0,0.0,-4.0,0.0,-2.2,0.0,0.5,0.0,0.0,2.0,4.0,1.0,
Erhan Mašović,Defender,34.5,,0.0,0.0,0.0,,0.0,0.0,0.0,0.0,-3.6,-4.0,6.0,3.0,3.0,3.0,1.0,1.6,0.0,0.0,0.5,0.0,0.0,0.0,0.0,0.0,0.0,0.0,0.0,0.0,0.0,0.0,0.0,-8.0,0.0,-1.0,0.0,0.5,3.0,0.0,0.0,3.0,1.5,
Iago,Defender,74.5,,0.0,0.0,0.0,,0.0,0.0,0.0,0.0,-1.2,0.0,4.5,0.0,3.0,3.0,1.0,0.4,0.0,0.0,1.0,0.0,0.0,0.0,0.0,0.0,0.0,0.0,0.0,0.0,0.0,0.0,0.0,0.0,0.0,-0.2,0.0,0.5,0.0,0.0,0.0,2.5,0.0,
Maxim Leitsch,Defender,50.5,,0.0,0.0,-2.0,,0.0,4.0,0.0,0.0,-6.0,-6.0,12.0,6.0,0.0,0.0,3.0,0.8,0.0,0.0,1.0,0.0,0.0,0.0,0.0,0.0,0.0,0.0,0.0,0.0,0.0,0.0,0.0,-8.0,2.0,-1.8,0.0,2.0,3.0,0.0,0.0,4.5,1.0,
Clemens Riedel,Defender,0.0,,0.0,0.0,0.0,,0.0,0.0,0.0,0.0,0.0,0.0,0.0,0.0,0.0,0.0,0.0,0.0,0.0,0.0,0.0,0.0,0.0,0.0,0.0,0.0,0.0,0.0,0.0,0.0,0.0,0.0,0.0,0.0,0.0,0.0,0.0,0.0,0.0,0.0,0.0,0.0,0.0,
Kevin Akpoguma,Defender,32.3,,0.0,-3.0,-4.0,,0.0,0.0,0.0,0.0,-3.0,-8.0,4.5,3.0,0.0,0.0,1.7000000000000002,1.6,0.0,0.0,0.0,0.0,0.0,0.0,0.0,0.0,0.0,0.0,0.0,0.0,0.0,0.0,0.0,-8.0,2.0,-1.0,0.0,1.0,0.0,1.0,6.0,1.0,2.5,
Stanley Nsoki,Defender,0.0,,0.0,0.0,0.0,,0.0,0.0,0.0,0.0,0.0,0.0,0.0,0.0,0.0,0.0,0.0,0.0,0.0,0.0,0.0,0.0,0.0,0.0,0.0,0.0,0.0,0.0,0.0,0.0,0.0,0.0,0.0,0.0,0.0,0.0,0.0,0.0,0.0,0.0,0.0,0.0,0.0,
Steffen Tigges,Forward,0.0,,0.0,0.0,0.0,0.0,0.0,0.0,0.0,0.0,0.0,0.0,0.0,0.0,0.0,0.0,0.0,0.0,0.0,0.0,0.0,0.0,0.0,0.0,0.0,0.0,0.0,0.0,0.0,0.0,0.0,0.0,0.0,,,,,,,,,,,
Rani Khedira,Midfielder,15.1,,0.0,0.0,-1.0,2.0,0.0,0.0,0.0,0.0,-6.0,-2.4,3.2,0.0,0.0,0.0,2.8,1.5,0.0,0.0,0.0,0.0,0.0,0.0,0.0,0.0,0.0,0.0,0.0,0.0,0.0,0.0,0.0,-2.0,0.0,-3.0,,,3.0,0.0,0.0,2.0,,
Naby Keïta,Midfielder,0.0,,0.0,0.0,0.0,0.0,0.0,0.0,0.0,0.0,0.0,0.0,0.0,0.0,0.0,0.0,0.0,0.0,0.0,0.0,0.0,0.0,0.0,0.0,0.0,0.0,0.0,0.0,0.0,0.0,0.0,0.0,0.0,0.0,0.0,0.0,,,0.0,0.0,0.0,0.0,,
Anthony Jung,Defender,59.5,,0.0,0.0,0.0,,0.0,0.0,0.0,0.0,-6.0,-8.0,0.0,3.0,0.0,0.0,7.1,1.2,0.0,0.0,0.0,0.0,0.0,0.0,0.0,0.0,0.0,0.0,0.0,0.0,0.0,0.0,0.0,0.0,5.0,-1.8,10.0,2.5,0.0,2.0,0.0,1.5,8.0,
Kevin Mbabu,Defender,0.0,,0.0,0.0,0.0,,0.0,0.0,0.0,0.0,0.0,0.0,0.0,0.0,0.0,0.0,0.0,0.0,0.0,0.0,0.0,0.0,0.0,0.0,0.0,0.0,0.0,0.0,0.0,0.0,0.0,0.0,0.0,0.0,0.0,0.0,0.0,0.0,0.0,0.0,0.0,0.0,0.0,
Arne Engels,Midfielder,71.3,,0.0,0.0,0.0,0.0,0.0,0.0,0.0,0.0,-2.0,0.0,0.8,0.0,0.0,4.0,0.6000000000000001,0.30000000000000004,3.0,0.0,1.5,0.0,0.0,0.0,0.0,0.0,0.0,0.0,0.0,0.0,0.0,0.0,0.0,0.0,0.5,-0.9,,,3.0,0.0,0.0,0.5,,
Joe Scally,Defender,46.0,,0.0,0.0,-2.0,,0.0,0.0,0.0,0.0,-9.0,-8.0,7.5,9.0,0.0,3.0,4.2,3.6,0.0,0.5,0.5,0.0,0.0,0.0,0.0,0.0,0.0,0.0,0.0,0.0,0.0,0.0,0.0,-4.0,1.0,-2.8,0.0,1.5,0.0,0.0,0.0,2.5,3.5,
Tomáš Čvančara,Forward,23.5,,0.0,0.0,0.0,0.0,0.0,0.0,0.0,0.0,-0.7000000000000001,-4.0,1.0,0.0,0.0,2.0,0.2,0.0,0.0,0.0,0.0,0.0,0.0,0.0,0.0,0.0,0.0,0.0,0.0,0.0,0.0,0.0,0.0,,,,,,,,,,,
Fabian Schnellhardt,Midfielder,42.7,,0.0,0.0,0.0,1.0,0.0,0.0,0.0,0.0,-2.0,-0.8,0.8,3.0,0.0,0.0,3.2,0.9,0.0,0.0,0.0,0.0,0.0,0.0,0.0,0.0,0.0,0.0,0.0,0.0,0.0,0.0,0.0,0.0,1.0,-0.9,,,0.0,0.0,0.0,1.5,,
Fraser Hornby,Forward,0.0,,0.0,0.0,0.0,0.0,0.0,0.0,0.0,0.0,0.0,0.0,0.0,0.0,0.0,0.0,0.0,0.0,0.0,0.0,0.0,0.0,0.0,0.0,0.0,0.0,0.0,0.0,0.0,0.0,0.0,0.0,0.0,,,,,,,,,,,
Attila Szalai,Defender,0.0,,0.0,0.0,0.0,,0.0,0.0,0.0,0.0,0.0,0.0,0.0,0.0,0.0,0.0,0.0,0.0,0.0,0.0,0.0,0.0,0.0,0.0,0.0,0.0,0.0,0.0,0.0,0.0,0.0,0.0,0.0,0.0,0.0,0.0,0.0,0.0,0.0,0.0,0.0,0.0,0.0,
Nadiem Amiri,Midfielder,0.0,,0.0,0.0,0.0,0.0,0.0,0.0,0.0,0.0,0.0,0.0,0.0,0.0,0.0,0.0,0.0,0.0,0.0,0.0,0.0,0.0,0.0,0.0,0.0,0.0,0.0,0.0,0.0,0.0,0.0,0.0,0.0,0.0,0.0,0.0,,,0.0,0.0,0.0,0.0,,
Gustavo Puerta,Midfielder,0.0,,0.0,0.0,0.0,0.0,0.0,0.0,0.0,0.0,0.0,0.0,0.0,0.0,0.0,0.0,0.0,0.0,0.0,0.0,0.0,0.0,0.0,0.0,0.0,0.0,0.0,0.0,0.0,0.0,0.0,0.0,0.0,0.0,0.0,0.0,,,0.0,0.0,0.0,0.0,,
Dominique Heintz,Defender,0.0,,0.0,0.0,0.0,,0.0,0.0,0.0,0.0,0.0,0.0,0.0,0.0,0.0,0.0,0.0,0.0,0.0,0.0,0.0,0.0,0.0,0.0,0.0,0.0,0.0,0.0,0.0,0.0,0.0,0.0,0.0,0.0,0.0,0.0,0.0,0.0,0.0,0.0,0.0,0.0,0.0,
Bouna Sarr,Defender,0.0,,0.0,0.0,0.0,,0.0,0.0,0.0,0.0,0.0,0.0,0.0,0.0,0.0,0.0,0.0,0.0,0.0,0.0,0.0,0.0,0.0,0.0,0.0,0.0,0.0,0.0,0.0,0.0,0.0,0.0,0.0,0.0,0.0,0.0,0.0,0.0,0.0,0.0,0.0,0.0,0.0,
Makoto Hasebe,Defender,0.0,,0.0,0.0,0.0,,0.0,0.0,0.0,0.0,0.0,0.0,0.0,0.0,0.0,0.0,0.0,0.0,0.0,0.0,0.0,0.0,0.0,0.0,0.0,0.0,0.0,0.0,0.0,0.0,0.0,0.0,0.0,0.0,0.0,0.0,0.0,0.0,0.0,0.0,0.0,0.0,0.0,
Frank Ronstadt,Defender,0.0,,0.0,0.0,0.0,,0.0,0.0,0.0,0.0,0.0,0.0,0.0,0.0,0.0,0.0,0.0,0.0,0.0,0.0,0.0,0.0,0.0,0.0,0.0,0.0,0.0,0.0,0.0,0.0,0.0,0.0,0.0,0.0,0.0,0.0,0.0,0.0,0.0,0.0,0.0,0.0,0.0,
Leonidas Stergiou,Defender,0.0,,0.0,0.0,0.0,,0.0,0.0,0.0,0.0,0.0,0.0,0.0,0.0,0.0,0.0,0.0,0.0,0.0,0.0,0.0,0.0,0.0,0.0,0.0,0.0,0.0,0.0,0.0,0.0,0.0,0.0,0.0,0.0,0.0,0.0,0.0,0.0,0.0,0.0,0.0,0.0,0.0,
Denis Thomalla,Midfielder,32.1,,0.0,0.0,0.0,0.0,0.0,0.0,0.0,0.0,-2.5,-1.6,0.0,6.0,0.0,2.0,1.4,0.9,0.0,0.0,0.5,0.0,0.0,0.0,0.0,0.0,0.0,0.0,0.0,0.0,0.0,0.0,0.0,0.0,0.5,-0.6000000000000001,,,0.0,0.0,0.0,0.5,,
Marnon Busch,Defender,21.8,,0.0,0.0,-2.0,,0.0,0.0,0.0,0.0,-5.4,-10.0,3.0,0.0,0.0,3.0,1.9,2.4,3.0,0.0,3.0,0.0,0.0,0.0,0.0,0.0,0.0,0.0,0.0,0.0,0.0,0.0,0.0,-4.0,0.5,-0.6000000000000001,0.0,0.0,0.0,0.0,0.0,1.0,1.0,
Jan Schöppner,Midfielder,0.0,,0.0,0.0,0.0,0.0,0.0,0.0,0.0,0.0,0.0,0.0,0.0,0.0,0.0,0.0,0.0,0.0,0.0,0.0,0.0,0.0,0.0,0.0,0.0,0.0,0.0,0.0,0.0,0.0,0.0,0.0,0.0,0.0,0.0,0.0,,,0.0,0.0,0.0,0.0,,
Timo Werner,Forward,64.8,,0.0,0.0,-0.5,0.0,0.0,0.0,0.0,0.0,-0.9,-2.0,2.0,0.0,0.0,0.0,1.4,0.30000000000000004,9.0,0.5,0.0,0.0,-5.0,0.0,0.0,0.0,0.0,0.0,0.0,0.0,0.0,0.0,0.0,,,,,,,,,,,
Fábio Carvalho,Midfielder,34.0,,0.0,0.0,0.0,1.0,0.0,0.0,0.0,0.0,-1.5,0.0,1.6,0.0,0.0,2.0,0.7000000000000001,1.8,3.0,0.0,0.5,0.0,0.0,0.0,0.0,0.0,0.0,0.0,0.0,0.0,0.0,0.0,0.0,0.0,0.0,-0.6000000000000001,,,0.0,0.0,0.0,0.5,,
Brenden Aaronson,Midfielder,31.7,,0.0,0.0,-1.0,1.0,0.0,0.0,0.0,0.0,-3.5,-4.0,1.6,0.0,0.0,0.0,1.0,0.9,0.0,0.5,0.5,0.0,0.0,0.0,0.0,0.0,0.0,0.0,0.0,0.0,0.0,0.0,0.0,-2.0,0.0,-0.30000000000000004,,,0.0,1.0,0.0,1.0,,
Benedict Hollerbach,Forward,23.6,,0.0,-3.0,-0.5,0.0,0.0,0.0,0.0,0.0,-0.4,-2.0,1.0,0.0,0.0,2.0,0.30000000000000004,0.2,0.0,0.5,0.5,0.0,0.0,0.0,0.0,0.0,0.0,0.0,0.0,0.0,0.0,0.0,0.0,,,,,,,,,,,
Jakub Kamiński,Midfielder,0.0,,0.0,0.0,0.0,0.0,0.0,0.0,0.0,0.0,0.0,0.0,0.0,0.0,0.0,0.0,0.0,0.0,0.0,0.0,0.0,0.0,0.0,0.0,0.0,0.0,0.0,0.0,0.0,0.0,0.0,0.0,0.0,0.0,0.0,0.0,,,0.0,0.0,0.0,0.0,,
Aster Vranckx,Midfielder,0.0,,0.0,0.0,0.0,0.0,0.0,0.0,0.0,0.0,0.0,0.0,0.0,0.0,0.0,0.0,0.0,0.0,0.0,0.0,0.0,0.0,0.0,0.0,0.0,0.0,0.0,0.0,0.0,0.0,0.0,0.0,0.0,0.0,0.0,0.0,,,0.0,0.0,0.0,0.0,,
Amin Sarr,Forward,0.0,,0.0,0.0,0.0,0.0,0.0,0.0,0.0,0.0,0.0,0.0,0.0,0.0,0.0,0.0,0.0,0.0,0.0,0.0,0.0,0.0,0.0,0.0,0.0,0.0,0.0,0.0,0.0,0.0,0.0,0.0,0.0,,,,,,,,,,,
Frans Krätzig,Midfielder,35.3,,0.0,0.0,0.0,0.0,0.0,0.0,0.0,0.0,-2.0,-0.8,0.8,0.0,3.0,4.0,2.0,2.4,0.0,0.0,0.0,0.0,0.0,0.0,0.0,0.0,0.0,0.0,0.0,0.0,0.0,0.0,0.0,0.0,0.0,-0.6000000000000001,,,0.0,0.0,0.0,1.5,,
Eric Maxim Choupo-Moting,Forward,27.4,,0.0,0.0,0.0,0.0,0.0,0.0,0.0,0.0,0.0,0.0,2.0,0.0,0.0,4.0,0.6000000000000001,0.30000000000000004,0.0,0.5,0.0,0.0,-5.0,0.0,0.0,0.0,0.0,0.0,0.0,0.0,0.0,0.0,0.0,,,,,,,,,,,
Sébastien Haller,Forward,0.0,,0.0,0.0,0.0,0.0,0.0,0.0,0.0,0.0,0.0,0.0,0.0,0.0,0.0,0.0,0.0,0.0,0.0,0.0,0.0,0.0,0.0,0.0,0.0,0.0,0.0,0.0,0.0,0.0,0.0,0.0,0.0,,,,,,,,,,,
Niklas Süle,Defender,32.5,,0.0,0.0,0.0,,0.0,0.0,0.0,0.0,-0.6000000000000001,0.0,1.5,0.0,0.0,0.0,1.9,0.4,0.0,0.0,0.0,0.0,0.0,0.0,0.0,0.0,0.0,0.0,0.0,0.0,0.0,0.0,0.0,0.0,0.0,-0.2,0.0,1.0,0.0,0.0,0.0,0.5,3.0,
Maximilian Wittek,Defender,0.0,,0.0,0.0,0.0,,0.0,0.0,0.0,0.0,0.0,0.0,0.0,0.0,0.0,0.0,0.0,0.0,0.0,0.0,0.0,0.0,0.0,0.0,0.0,0.0,0.0,0.0,0.0,0.0,0.0,0.0,0.0,0.0,0.0,0.0,0.0,0.0,0.0,0.0,0.0,0.0,0.0,
Arne Maier,Midfielder,0.0,,0.0,0.0,0.0,0.0,0.0,0.0,0.0,0.0,0.0,0.0,0.0,0.0,0.0,0.0,0.0,0.0,0.0,0.0,0.0,0.0,0.0,0.0,0.0,0.0,0.0,0.0,0.0,0.0,0.0,0.0,0.0,0.0,0.0,0.0,,,0.0,0.0,0.0,0.0,,
Filip Stojilkovic,Forward,0.0,,0.0,0.0,0.0,0.0,0.0,0.0,0.0,0.0,0.0,0.0,0.0,0.0,0.0,0.0,0.0,0.0,0.0,0.0,0.0,0.0,0.0,0.0,0.0,0.0,0.0,0.0,0.0,0.0,0.0,0.0,0.0,,,,,,,,,,,
Jovan Milošević,Forward,24.8,,0.0,0.0,0.0,1.0,0.0,0.0,0.0,0.0,-0.2,-2.0,1.0,0.0,0.0,0.0,0.0,0.0,0.0,0.0,0.0,0.0,0.0,0.0,0.0,0.0,0.0,0.0,0.0,0.0,0.0,0.0,0.0,,,,,,,,,,,
Michael Gregoritsch,Forward,27.1,,0.0,0.0,0.0,0.0,0.0,0.0,0.0,0.0,-0.1,0.0,2.0,0.0,0.0,0.0,0.2,0.0,0.0,0.0,0.0,0.0,0.0,0.0,0.0,0.0,0.0,0.0,0.0,0.0,0.0,0.0,0.0,,,,,,,,,,,
Rasmus Carstensen,Defender,7.4,,0.0,0.0,0.0,,0.0,0.0,0.0,0.0,-10.2,-10.0,3.0,6.0,0.0,0.0,1.8,2.4,0.0,0.0,1.5,0.0,0.0,0.0,0.0,0.0,0.0,0.0,0.0,0.0,0.0,0.0,0.0,-24.0,0.0,-2.6,0.0,2.5,0.0,0.0,0.0,1.5,0.5,
Luca Kilian,Defender,8.0,,0.0,-3.0,-6.0,,0.0,0.0,0.0,0.0,-1.8,-8.0,6.0,0.0,0.0,0.0,1.5,0.4,0.0,0.0,0.0,0.0,0.0,0.0,0.0,0.0,0.0,0.0,0.0,0.0,0.0,0.0,0.0,-8.0,1.0,-0.6000000000000001,0.0,0.5,0.0,0.0,0.0,0.5,0.5,
Sargis Adamyan,Forward,0.0,,0.0,0.0,0.0,0.0,0.0,0.0,0.0,0.0,0.0,0.0,0.0,0.0,0.0,0.0,0.0,0.0,0.0,0.0,0.0,0.0,0.0,0.0,0.0,0.0,0.0,0.0,0.0,0.0,0.0,0.0,0.0,,,,,,,,,,,
Jessic Ngankam,Forward,0.0,,0.0,0.0,0.0,0.0,0.0,0.0,0.0,0.0,0.0,0.0,0.0,0.0,0.0,0.0,0.0,0.0,0.0,0.0,0.0,0.0,0.0,0.0,0.0,0.0,0.0,0.0,0.0,0.0,0.0,0.0,0.0,,,,,,,,,,,
Youssoufa Moukoko,Forward,63.3,,0.0,0.0,-0.5,0.0,0.0,0.0,0.0,0.0,-0.4,-3.0,0.0,3.0,0.0,0.0,0.5,0.2,3.0,0.0,0.5,0.0,0.0,0.0,0.0,0.0,0.0,0.0,0.0,0.0,0.0,0.0,0.0,,,,,,,,,,,
Moritz-Broni Kwarteng,Midfielder,0.0,,0.0,0.0,0.0,0.0,0.0,0.0,0.0,0.0,0.0,0.0,0.0,0.0,0.0,0.0,0.0,0.0,0.0,0.0,0.0,0.0,0.0,0.0,0.0,0.0,0.0,0.0,0.0,0.0,0.0,0.0,0.0,0.0,0.0,0.0,,,0.0,0.0,0.0,0.0,,
Moritz Broschinski,Forward,20.6,,0.0,0.0,-1.5,0.0,0.0,0.0,0.0,0.0,-0.9,-20.0,3.0,0.0,0.0,4.0,0.30000000000000004,0.2,0.0,0.0,0.5,0.0,0.0,0.0,0.0,0.0,0.0,0.0,0.0,0.0,0.0,0.0,0.0,,,,,,,,,,,
Maximilian Bauer,Defender,0.0,,0.0,0.0,0.0,,0.0,0.0,0.0,0.0,0.0,0.0,0.0,0.0,0.0,0.0,0.0,0.0,0.0,0.0,0.0,0.0,0.0,0.0,0.0,0.0,0.0,0.0,0.0,0.0,0.0,0.0,0.0,0.0,0.0,0.0,0.0,0.0,0.0,0.0,0.0,0.0,0.0,
Sven Michel,Forward,37.9,,0.0,0.0,-1.0,0.0,0.0,0.0,0.0,0.0,-1.1,-6.0,6.0,0.0,0.0,0.0,0.8,0.2,0.0,2.0,2.0,0.0,0.0,0.0,0.0,0.0,0.0,0.0,0.0,0.0,0.0,0.0,0.0,,,,,,,,,,,
Aaron Seydel,Forward,0.0,,0.0,0.0,0.0,0.0,0.0,0.0,0.0,0.0,0.0,0.0,0.0,0.0,0.0,0.0,0.0,0.0,0.0,0.0,0.0,0.0,0.0,0.0,0.0,0.0,0.0,0.0,0.0,0.0,0.0,0.0,0.0,,,,,,,,,,,
Nikola Dovedan,Forward,0.0,,0.0,0.0,0.0,0.0,0.0,0.0,0.0,0.0,0.0,0.0,0.0,0.0,0.0,0.0,0.0,0.0,0.0,0.0,0.0,0.0,0.0,0.0,0.0,0.0,0.0,0.0,0.0,0.0,0.0,0.0,0.0,,,,,,,,,,,
Stefan Schimmer,Forward,24.2,,0.0,0.0,0.0,0.0,0.0,0.0,0.0,0.0,-0.30000000000000004,-1.0,0.0,0.0,0.0,0.0,0.0,0.0,0.0,0.0,0.5,0.0,0.0,0.0,0.0,0.0,0.0,0.0,0.0,0.0,0.0,0.0,0.0,,,,,,,,,,,
Florian Pick,Midfielder,23.5,,0.0,-3.0,-2.0,1.0,0.0,0.0,0.0,0.0,-3.5,-2.4,2.4,0.0,0.0,0.0,1.7000000000000002,2.7,0.0,0.5,2.0,0.0,0.0,0.0,0.0,0.0,0.0,0.0,0.0,0.0,0.0,0.0,0.0,-2.0,0.0,-0.9,,,0.0,0.0,0.0,2.0,,
Fabian Rüdlin,Midfielder,0.0,,0.0,0.0,0.0,0.0,0.0,0.0,0.0,0.0,0.0,0.0,0.0,0.0,0.0,0.0,0.0,0.0,0.0,0.0,0.0,0.0,0.0,0.0,0.0,0.0,0.0,0.0,0.0,0.0,0.0,0.0,0.0,0.0,0.0,0.0,,,0.0,0.0,0.0,0.0,,
Patrik Schick,Forward,24.4,,0.0,0.0,-0.5,0.0,0.0,0.0,0.0,0.0,-0.1,-1.0,1.0,0.0,0.0,0.0,0.0,0.0,0.0,0.0,0.0,0.0,0.0,0.0,0.0,0.0,0.0,0.0,0.0,0.0,0.0,0.0,0.0,,,,,,,,,,,
Damion Downs,Forward,0.0,,0.0,0.0,0.0,0.0,0.0,0.0,0.0,0.0,0.0,0.0,0.0,0.0,0.0,0.0,0.0,0.0,0.0,0.0,0.0,0.0,0.0,0.0,0.0,0.0,0.0,0.0,0.0,0.0,0.0,0.0,0.0,,,,,,,,,,,
Max Finkgräfe,Defender,0.0,,0.0,0.0,0.0,,0.0,0.0,0.0,0.0,0.0,0.0,0.0,0.0,0.0,0.0,0.0,0.0,0.0,0.0,0.0,0.0,0.0,0.0,0.0,0.0,0.0,0.0,0.0,0.0,0.0,0.0,0.0,0.0,0.0,0.0,0.0,0.0,0.0,0.0,0.0,0.0,0.0,
Nacho Ferri,Forward,0.0,,0.0,0.0,0.0,0.0,0.0,0.0,0.0,0.0,0.0,0.0,0.0,0.0,0.0,0.0,0.0,0.0,0.0,0.0,0.0,0.0,0.0,0.0,0.0,0.0,0.0,0.0,0.0,0.0,0.0,0.0,0.0,,,,,,,,,,,
Karim Adeyemi,Forward,60.0,,0.0,-3.0,-0.5,1.0,0.0,0.0,0.0,0.0,-1.3,-7.0,3.0,0.0,3.0,0.0,0.7000000000000001,0.0,0.0,0.0,0.5,0.0,0.0,0.0,0.0,0.0,0.0,0.0,0.0,0.0,0.0,0.0,0.0,,,,,,,,,,,
Christoph Kramer,Midfielder,24.2,,0.0,0.0,0.0,0.0,0.0,0.0,0.0,0.0,-3.5,-2.4,0.8,0.0,0.0,0.0,1.0,1.5,0.0,0.5,0.5,0.0,0.0,0.0,0.0,0.0,0.0,0.0,0.0,0.0,0.0,0.0,0.0,0.0,0.0,-1.2,,,0.0,1.0,0.0,1.0,,
Robin Hack,Midfielder,43.4,,0.0,0.0,-1.0,0.0,0.0,0.0,0.0,0.0,-2.5,-1.6,4.8,0.0,0.0,4.0,1.3,2.1,3.0,1.0,1.0,0.0,0.0,0.0,0.0,0.0,0.0,0.0,0.0,0.0,0.0,0.0,0.0,0.0,1.5,-1.2,,,3.0,1.0,0.0,2.0,,
Mathias Honsak,Midfielder,13.2,,0.0,0.0,0.0,2.0,0.0,0.0,0.0,0.0,-4.0,-4.8,4.0,3.0,0.0,0.0,0.8,0.6000000000000001,0.0,0.5,0.0,0.0,0.0,0.0,0.0,0.0,0.0,0.0,0.0,0.0,0.0,0.0,0.0,-16.0,0.0,-0.9,,,3.0,0.0,0.0,0.0,,
Kevin Sessa,Midfielder,0.0,,0.0,0.0,0.0,0.0,0.0,0.0,0.0,0.0,0.0,0.0,0.0,0.0,0.0,0.0,0.0,0.0,0.0,0.0,0.0,0.0,0.0,0.0,0.0,0.0,0.0,0.0,0.0,0.0,0.0,0.0,0.0,0.0,0.0,0.0,,,0.0,0.0,0.0,0.0,,
Thomas Keller,Defender,0.0,,0.0,0.0,0.0,,0.0,0.0,0.0,0.0,0.0,0.0,0.0,0.0,0.0,0.0,0.0,0.0,0.0,0.0,0.0,0.0,0.0,0.0,0.0,0.0,0.0,0.0,0.0,0.0,0.0,0.0,0.0,0.0,0.0,0.0,0.0,0.0,0.0,0.0,0.0,0.0,0.0,
Julian Justvan,Midfielder,0.0,,0.0,0.0,0.0,0.0,0.0,0.0,0.0,0.0,0.0,0.0,0.0,0.0,0.0,0.0,0.0,0.0,0.0,0.0,0.0,0.0,0.0,0.0,0.0,0.0,0.0,0.0,0.0,0.0,0.0,0.0,0.0,0.0,0.0,0.0,,,0.0,0.0,0.0,0.0,,
Maximilian Breunig,Forward,0.0,,0.0,0.0,0.0,0.0,0.0,0.0,0.0,0.0,0.0,0.0,0.0,0.0,0.0,0.0,0.0,0.0,0.0,0.0,0.0,0.0,0.0,0.0,0.0,0.0,0.0,0.0,0.0,0.0,0.0,0.0,0.0,,,,,,,,,,,
Irvin Cardona,Forward,0.0,,0.0,0.0,0.0,0.0,0.0,0.0,0.0,0.0,0.0,0.0,0.0,0.0,0.0,0.0,0.0,0.0,0.0,0.0,0.0,0.0,0.0,0.0,0.0,0.0,0.0,0.0,0.0,0.0,0.0,0.0,0.0,,,,,,,,,,,
Thomas Isherwood,Defender,17.5,,0.0,0.0,0.0,,0.0,0.0,0.0,0.0,-1.8,0.0,0.0,0.0,0.0,0.0,0.7000000000000001,0.0,0.0,0.0,0.0,0.0,0.0,0.0,0.0,0.0,0.0,0.0,0.0,0.0,0.0,0.0,0.0,-8.0,0.5,-0.4,0.0,0.5,0.0,0.0,0.0,0.5,0.5,
Finn Ole Becker,Midfielder,0.0,,0.0,0.0,0.0,0.0,0.0,0.0,0.0,0.0,0.0,0.0,0.0,0.0,0.0,0.0,0.0,0.0,0.0,0.0,0.0,0.0,0.0,0.0,0.0,0.0,0.0,0.0,0.0,0.0,0.0,0.0,0.0,0.0,0.0,0.0,,,0.0,0.0,0.0,0.0,,
Mergim Berisha,Forward,0.0,,0.0,0.0,0.0,0.0,0.0,0.0,0.0,0.0,0.0,0.0,0.0,0.0,0.0,0.0,0.0,0.0,0.0,0.0,0.0,0.0,0.0,0.0,0.0,0.0,0.0,0.0,0.0,0.0,0.0,0.0,0.0,,,,,,,,,,,
Jérôme Roussillon,Defender,26.2,,0.0,0.0,0.0,,0.0,0.0,0.0,0.0,0.0,0.0,0.0,0.0,0.0,0.0,0.30000000000000004,0.4,0.0,0.0,0.0,0.0,0.0,0.0,0.0,0.0,0.0,0.0,0.0,0.0,0.0,0.0,0.0,0.0,0.0,0.0,0.0,0.0,0.0,0.0,0.0,0.5,0.0,
Sebastiaan Bornauw,Defender,6.3,,0.0,-3.0,-2.0,,0.0,0.0,0.0,0.0,-1.8,-4.0,0.0,3.0,0.0,0.0,0.7000000000000001,0.8,3.0,0.0,0.0,0.0,0.0,0.0,0.0,0.0,0.0,0.0,0.0,0.0,0.0,0.0,0.0,-8.0,1.0,-0.4,0.0,0.0,0.0,0.0,0.0,1.0,1.0,
Phillipp Mwene,Defender,0.0,,0.0,0.0,0.0,,0.0,0.0,0.0,0.0,0.0,0.0,0.0,0.0,0.0,0.0,0.0,0.0,0.0,0.0,0.0,0.0,0.0,0.0,0.0,0.0,0.0,0.0,0.0,0.0,0.0,0.0,0.0,0.0,0.0,0.0,0.0,0.0,0.0,0.0,0.0,0.0,0.0,
Merveille Papela,Midfielder,0.0,,0.0,0.0,0.0,0.0,0.0,0.0,0.0,0.0,0.0,0.0,0.0,0.0,0.0,0.0,0.0,0.0,0.0,0.0,0.0,0.0,0.0,0.0,0.0,0.0,0.0,0.0,0.0,0.0,0.0,0.0,0.0,0.0,0.0,0.0,,,0.0,0.0,0.0,0.0,,
Frederik Rønnow,Goalkeeper,21.9,,0.0,0.0,0.0,,0.0,,,,-2.7,,,,0.0,0.0,1.8,0.5,0.0,,,0.0,0.0,6.0,4.0,1.5,0.0,3.0,0.0,0.0,0.0,0.0,0.0,-6.0,0.6000000000000001,-1.8,,,,,,,,
Mikkel Kaufmann,Forward,27.0,,0.0,0.0,0.0,1.0,0.0,0.0,0.0,0.0,0.0,-1.0,1.0,0.0,0.0,0.0,0.30000000000000004,0.2,0.0,0.0,0.5,0.0,0.0,0.0,0.0,0.0,0.0,0.0,0.0,0.0,0.0,0.0,0.0,,,,,,,,,,,
Bartol Franjić,Midfielder,15.2,,0.0,0.0,-1.0,1.0,0.0,0.0,0.0,0.0,-0.5,-3.2,0.8,0.0,0.0,0.0,1.3,0.30000000000000004,0.0,0.0,0.0,0.0,0.0,0.0,0.0,0.0,0.0,0.0,0.0,0.0,0.0,0.0,0.0,-10.0,0.5,0.0,,,0.0,0.0,0.0,1.0,,
Jiří Pavlenka,Goalkeeper,0.0,,0.0,0.0,0.0,,0.0,,,,0.0,,,,0.0,0.0,0.0,0.0,0.0,,,0.0,0.0,0.0,0.0,0.0,0.0,0.0,0.0,0.0,0.0,0.0,0.0,0.0,0.0,0.0,,,,,,,,
Nelson Weiper,Forward,0.0,,0.0,0.0,0.0,0.0,0.0,0.0,0.0,0.0,0.0,0.0,0.0,0.0,0.0,0.0,0.0,0.0,0.0,0.0,0.0,0.0,0.0,0.0,0.0,0.0,0.0,0.0,0.0,0.0,0.0,0.0,0.0,,,,,,,,,,,
Jonathan Burkardt,Forward,0.0,,0.0,0.0,0.0,0.0,0.0,0.0,0.0,0.0,0.0,0.0,0.0,0.0,0.0,0.0,0.0,0.0,0.0,0.0,0.0,0.0,0.0,0.0,0.0,0.0,0.0,0.0,0.0,0.0,0.0,0.0,0.0,,,,,,,,,,,
David Mamutovic,Midfielder,0.0,,0.0,0.0,0.0,0.0,0.0,0.0,0.0,0.0,0.0,0.0,0.0,0.0,0.0,0.0,0.0,0.0,0.0,0.0,0.0,0.0,0.0,0.0,0.0,0.0,0.0,0.0,0.0,0.0,0.0,0.0,0.0,0.0,0.0,0.0,,,0.0,0.0,0.0,0.0,,
Andreas Hanche-Olsen,Defender,0.0,,0.0,0.0,0.0,,0.0,0.0,0.0,0.0,0.0,0.0,0.0,0.0,0.0,0.0,0.0,0.0,0.0,0.0,0.0,0.0,0.0,0.0,0.0,0.0,0.0,0.0,0.0,0.0,0.0,0.0,0.0,0.0,0.0,0.0,0.0,0.0,0.0,0.0,0.0,0.0,0.0,
Lasse Riess,Goalkeeper,0.0,,0.0,0.0,0.0,,0.0,,,,0.0,,,,0.0,0.0,0.0,0.0,0.0,,,0.0,0.0,0.0,0.0,0.0,0.0,0.0,0.0,0.0,0.0,0.0,0.0,0.0,0.0,0.0,,,,,,,,
Silvan Widmer,Defender,0.0,,0.0,0.0,0.0,,0.0,0.0,0.0,0.0,0.0,0.0,0.0,0.0,0.0,0.0,0.0,0.0,0.0,0.0,0.0,0.0,0.0,0.0,0.0,0.0,0.0,0.0,0.0,0.0,0.0,0.0,0.0,0.0,0.0,0.0,0.0,0.0,0.0,0.0,0.0,0.0,0.0,
Daniel Batz,Goalkeeper,0.0,,0.0,0.0,0.0,,0.0,,,,0.0,,,,0.0,0.0,0.0,0.0,0.0,,,0.0,0.0,0.0,0.0,0.0,0.0,0.0,0.0,0.0,0.0,0.0,0.0,0.0,0.0,0.0,,,,,,,,
Max Wendt,Goalkeeper,0.0,,0.0,0.0,0.0,,0.0,,,,0.0,,,,0.0,0.0,0.0,0.0,0.0,,,0.0,0.0,0.0,0.0,0.0,0.0,0.0,0.0,0.0,0.0,0.0,0.0,0.0,0.0,0.0,,,,,,,,
Christoph Zimmermann,Defender,8.2,,0.0,0.0,0.0,,0.0,0.0,0.0,0.0,-2.4,-4.0,6.0,0.0,0.0,0.0,1.0,0.4,0.0,0.0,0.0,0.0,0.0,0.0,0.0,0.0,0.0,0.0,0.0,0.0,0.0,0.0,0.0,-32.0,0.5,-0.8,0.0,1.0,3.0,0.0,10.0,0.0,0.5,
Fabio Torsiello,Forward,0.0,,0.0,0.0,0.0,0.0,0.0,0.0,0.0,0.0,0.0,0.0,0.0,0.0,0.0,0.0,0.0,0.0,0.0,0.0,0.0,0.0,0.0,0.0,0.0,0.0,0.0,0.0,0.0,0.0,0.0,0.0,0.0,,,,,,,,,,,
Braydon Manu,Midfielder,0.0,,0.0,0.0,0.0,0.0,0.0,0.0,0.0,0.0,0.0,0.0,0.0,0.0,0.0,0.0,0.0,0.0,0.0,0.0,0.0,0.0,0.0,0.0,0.0,0.0,0.0,0.0,0.0,0.0,0.0,0.0,0.0,0.0,0.0,0.0,,,0.0,0.0,0.0,0.0,,
Alexander Brunst,Goalkeeper,0.0,,0.0,0.0,0.0,,0.0,,,,0.0,,,,0.0,0.0,0.0,0.0,0.0,,,0.0,0.0,0.0,0.0,0.0,0.0,0.0,0.0,0.0,0.0,0.0,0.0,0.0,0.0,0.0,,,,,,,,
Morten Behrens,Goalkeeper,0.0,,0.0,0.0,0.0,,0.0,,,,0.0,,,,0.0,0.0,0.0,0.0,0.0,,,0.0,0.0,0.0,0.0,0.0,0.0,0.0,0.0,0.0,0.0,0.0,0.0,0.0,0.0,0.0,,,,,,,,
Luca Raimund,Midfielder,0.0,,0.0,0.0,0.0,0.0,0.0,0.0,0.0,0.0,0.0,0.0,0.0,0.0,0.0,0.0,0.0,0.0,0.0,0.0,0.0,0.0,0.0,0.0,0.0,0.0,0.0,0.0,0.0,0.0,0.0,0.0,0.0,0.0,0.0,0.0,,,0.0,0.0,0.0,0.0,,
Thomas Kastanaras,Forward,0.0,,0.0,0.0,0.0,0.0,0.0,0.0,0.0,0.0,0.0,0.0,0.0,0.0,0.0,0.0,0.0,0.0,0.0,0.0,0.0,0.0,0.0,0.0,0.0,0.0,0.0,0.0,0.0,0.0,0.0,0.0,0.0,,,,,,,,,,,
Josha Vagnoman,Defender,0.0,,0.0,0.0,0.0,,0.0,0.0,0.0,0.0,0.0,0.0,0.0,0.0,0.0,0.0,0.0,0.0,0.0,0.0,0.0,0.0,0.0,0.0,0.0,0.0,0.0,0.0,0.0,0.0,0.0,0.0,0.0,0.0,0.0,0.0,0.0,0.0,0.0,0.0,0.0,0.0,0.0,
Fabian Bredlow,Goalkeeper,0.0,,0.0,0.0,0.0,,0.0,,,,0.0,,,,0.0,0.0,0.0,0.0,0.0,,,0.0,0.0,0.0,0.0,0.0,0.0,0.0,0.0,0.0,0.0,0.0,0.0,0.0,0.0,0.0,,,,,,,,
Nikolas Nartey,Midfielder,0.0,,0.0,0.0,0.0,0.0,0.0,0.0,0.0,0.0,0.0,0.0,0.0,0.0,0.0,0.0,0.0,0.0,0.0,0.0,0.0,0.0,0.0,0.0,0.0,0.0,0.0,0.0,0.0,0.0,0.0,0.0,0.0,0.0,0.0,0.0,,,0.0,0.0,0.0,0.0,,
Florian Schock,Goalkeeper,0.0,,0.0,0.0,0.0,,0.0,,,,0.0,,,,0.0,0.0,0.0,0.0,0.0,,,0.0,0.0,0.0,0.0,0.0,0.0,0.0,0.0,0.0,0.0,0.0,0.0,0.0,0.0,0.0,,,,,,,,
Laurin Ulrich,Midfielder,0.0,,0.0,0.0,0.0,0.0,0.0,0.0,0.0,0.0,0.0,0.0,0.0,0.0,0.0,0.0,0.0,0.0,0.0,0.0,0.0,0.0,0.0,0.0,0.0,0.0,0.0,0.0,0.0,0.0,0.0,0.0,0.0,0.0,0.0,0.0,,,0.0,0.0,0.0,0.0,,
Dennis Seimen,Goalkeeper,0.0,,0.0,0.0,0.0,,0.0,,,,0.0,,,,0.0,0.0,0.0,0.0,0.0,,,0.0,0.0,0.0,0.0,0.0,0.0,0.0,0.0,0.0,0.0,0.0,0.0,0.0,0.0,0.0,,,,,,,,
Genki Haraguchi,Midfielder,0.0,,0.0,0.0,0.0,0.0,0.0,0.0,0.0,0.0,0.0,0.0,0.0,0.0,0.0,0.0,0.0,0.0,0.0,0.0,0.0,0.0,0.0,0.0,0.0,0.0,0.0,0.0,0.0,0.0,0.0,0.0,0.0,0.0,0.0,0.0,,,0.0,0.0,0.0,0.0,,
Roberto Massimo,Midfielder,0.0,,0.0,0.0,0.0,0.0,0.0,0.0,0.0,0.0,0.0,0.0,0.0,0.0,0.0,0.0,0.0,0.0,0.0,0.0,0.0,0.0,0.0,0.0,0.0,0.0,0.0,0.0,0.0,0.0,0.0,0.0,0.0,0.0,0.0,0.0,,,0.0,0.0,0.0,0.0,,
Luka Janeš,Midfielder,0.0,,0.0,0.0,0.0,0.0,0.0,0.0,0.0,0.0,0.0,0.0,0.0,0.0,0.0,0.0,0.0,0.0,0.0,0.0,0.0,0.0,0.0,0.0,0.0,0.0,0.0,0.0,0.0,0.0,0.0,0.0,0.0,0.0,0.0,0.0,,,0.0,0.0,0.0,0.0,,
Seedy Jarju,Defender,0.0,,0.0,0.0,0.0,,0.0,0.0,0.0,0.0,0.0,0.0,0.0,0.0,0.0,0.0,0.0,0.0,0.0,0.0,0.0,0.0,0.0,0.0,0.0,0.0,0.0,0.0,0.0,0.0,0.0,0.0,0.0,0.0,0.0,0.0,0.0,0.0,0.0,0.0,0.0,0.0,0.0,
Vitus Eicher,Goalkeeper,0.0,,0.0,0.0,0.0,,0.0,,,,0.0,,,,0.0,0.0,0.0,0.0,0.0,,,0.0,0.0,0.0,0.0,0.0,0.0,0.0,0.0,0.0,0.0,0.0,0.0,0.0,0.0,0.0,,,,,,,,
Elidon Qenaj,Forward,0.0,,0.0,0.0,0.0,0.0,0.0,0.0,0.0,0.0,0.0,0.0,0.0,0.0,0.0,0.0,0.0,0.0,0.0,0.0,0.0,0.0,0.0,0.0,0.0,0.0,0.0,0.0,0.0,0.0,0.0,0.0,0.0,,,,,,,,,,,
Christian Kühlwetter,Forward,0.0,,0.0,0.0,0.0,0.0,0.0,0.0,0.0,0.0,0.0,0.0,0.0,0.0,0.0,0.0,0.0,0.0,0.0,0.0,0.0,0.0,0.0,0.0,0.0,0.0,0.0,0.0,0.0,0.0,0.0,0.0,0.0,,,,,,,,,,,
Paul Tschernuth,Goalkeeper,0.0,,0.0,0.0,0.0,,0.0,,,,0.0,,,,0.0,0.0,0.0,0.0,0.0,,,0.0,0.0,0.0,0.0,0.0,0.0,0.0,0.0,0.0,0.0,0.0,0.0,0.0,0.0,0.0,,,,,,,,
Benedikt Gimber,Midfielder,0.0,,0.0,0.0,0.0,0.0,0.0,0.0,0.0,0.0,0.0,0.0,0.0,0.0,0.0,0.0,0.0,0.0,0.0,0.0,0.0,0.0,0.0,0.0,0.0,0.0,0.0,0.0,0.0,0.0,0.0,0.0,0.0,0.0,0.0,0.0,,,0.0,0.0,0.0,0.0,,
Frank Feller,Goalkeeper,0.0,,0.0,0.0,0.0,,0.0,,,,0.0,,,,0.0,0.0,0.0,0.0,0.0,,,0.0,0.0,0.0,0.0,0.0,0.0,0.0,0.0,0.0,0.0,0.0,0.0,0.0,0.0,0.0,,,,,,,,
Dennis Geiger,Midfielder,0.0,,0.0,0.0,0.0,0.0,0.0,0.0,0.0,0.0,0.0,0.0,0.0,0.0,0.0,0.0,0.0,0.0,0.0,0.0,0.0,0.0,0.0,0.0,0.0,0.0,0.0,0.0,0.0,0.0,0.0,0.0,0.0,0.0,0.0,0.0,,,0.0,0.0,0.0,0.0,,
Luca Philipp,Goalkeeper,0.0,,0.0,0.0,0.0,,0.0,,,,0.0,,,,0.0,0.0,0.0,0.0,0.0,,,0.0,0.0,0.0,0.0,0.0,0.0,0.0,0.0,0.0,0.0,0.0,0.0,0.0,0.0,0.0,,,,,,,,
Marco John,Midfielder,0.0,,0.0,0.0,0.0,0.0,0.0,0.0,0.0,0.0,0.0,0.0,0.0,0.0,0.0,0.0,0.0,0.0,0.0,0.0,0.0,0.0,0.0,0.0,0.0,0.0,0.0,0.0,0.0,0.0,0.0,0.0,0.0,0.0,0.0,0.0,,,0.0,0.0,0.0,0.0,,
Umut Tohumcu,Midfielder,38.2,,0.0,0.0,0.0,1.0,0.0,4.0,0.0,0.0,-0.5,0.0,2.4,0.0,0.0,0.0,0.1,0.0,0.0,0.0,0.0,0.0,0.0,0.0,0.0,0.0,0.0,0.0,0.0,0.0,0.0,0.0,0.0,0.0,0.0,-0.30000000000000004,,,6.0,0.0,0.0,0.5,,
Kasim Adams,Defender,0.0,,0.0,0.0,0.0,,0.0,0.0,0.0,0.0,0.0,0.0,0.0,0.0,0.0,0.0,0.0,0.0,0.0,0.0,0.0,0.0,0.0,0.0,0.0,0.0,0.0,0.0,0.0,0.0,0.0,0.0,0.0,0.0,0.0,0.0,0.0,0.0,0.0,0.0,0.0,0.0,0.0,
Nahuel Noll,Goalkeeper,0.0,,0.0,0.0,0.0,,0.0,,,,0.0,,,,0.0,0.0,0.0,0.0,0.0,,,0.0,0.0,0.0,0.0,0.0,0.0,0.0,0.0,0.0,0.0,0.0,0.0,0.0,0.0,0.0,,,,,,,,
Bambasé Conté,Midfielder,0.0,,0.0,0.0,0.0,0.0,0.0,0.0,0.0,0.0,0.0,0.0,0.0,0.0,0.0,0.0,0.0,0.0,0.0,0.0,0.0,0.0,0.0,0.0,0.0,0.0,0.0,0.0,0.0,0.0,0.0,0.0,0.0,0.0,0.0,0.0,,,0.0,0.0,0.0,0.0,,
Joshua Quarshie,Defender,0.0,,0.0,0.0,0.0,,0.0,0.0,0.0,0.0,0.0,0.0,0.0,0.0,0.0,0.0,0.0,0.0,0.0,0.0,0.0,0.0,0.0,0.0,0.0,0.0,0.0,0.0,0.0,0.0,0.0,0.0,0.0,0.0,0.0,0.0,0.0,0.0,0.0,0.0,0.0,0.0,0.0,
Diadié Samassékou,Midfielder,0.0,,0.0,0.0,0.0,0.0,0.0,0.0,0.0,0.0,0.0,0.0,0.0,0.0,0.0,0.0,0.0,0.0,0.0,0.0,0.0,0.0,0.0,0.0,0.0,0.0,0.0,0.0,0.0,0.0,0.0,0.0,0.0,0.0,0.0,0.0,,,0.0,0.0,0.0,0.0,,
Jordy Makengo,Defender,0.0,,0.0,0.0,0.0,,0.0,0.0,0.0,0.0,0.0,0.0,0.0,0.0,0.0,0.0,0.0,0.0,0.0,0.0,0.0,0.0,0.0,0.0,0.0,0.0,0.0,0.0,0.0,0.0,0.0,0.0,0.0,0.0,0.0,0.0,0.0,0.0,0.0,0.0,0.0,0.0,0.0,
Christian Günter,Defender,0.0,,0.0,0.0,0.0,,0.0,0.0,0.0,0.0,0.0,0.0,0.0,0.0,0.0,0.0,0.0,0.0,0.0,0.0,0.0,0.0,0.0,0.0,0.0,0.0,0.0,0.0,0.0,0.0,0.0,0.0,0.0,0.0,0.0,0.0,0.0,0.0,0.0,0.0,0.0,0.0,0.0,
Max Rosenfelder,Defender,0.0,,0.0,0.0,0.0,,0.0,0.0,0.0,0.0,0.0,0.0,0.0,0.0,0.0,0.0,0.0,0.0,0.0,0.0,0.0,0.0,0.0,0.0,0.0,0.0,0.0,0.0,0.0,0.0,0.0,0.0,0.0,0.0,0.0,0.0,0.0,0.0,0.0,0.0,0.0,0.0,0.0,
Niklas Sauter,Goalkeeper,0.0,,0.0,0.0,0.0,,0.0,,,,0.0,,,,0.0,0.0,0.0,0.0,0.0,,,0.0,0.0,0.0,0.0,0.0,0.0,0.0,0.0,0.0,0.0,0.0,0.0,0.0,0.0,0.0,,,,,,,,
Mika Baur,Forward,0.0,,0.0,0.0,0.0,0.0,0.0,0.0,0.0,0.0,0.0,0.0,0.0,0.0,0.0,0.0,0.0,0.0,0.0,0.0,0.0,0.0,0.0,0.0,0.0,0.0,0.0,0.0,0.0,0.0,0.0,0.0,0.0,,,,,,,,,,,
Daniel-Kofi Kyereh,Midfielder,0.0,,0.0,0.0,0.0,0.0,0.0,0.0,0.0,0.0,0.0,0.0,0.0,0.0,0.0,0.0,0.0,0.0,0.0,0.0,0.0,0.0,0.0,0.0,0.0,0.0,0.0,0.0,0.0,0.0,0.0,0.0,0.0,0.0,0.0,0.0,,,0.0,0.0,0.0,0.0,,
Serge Müller,Defender,0.0,,0.0,0.0,0.0,,0.0,0.0,0.0,0.0,0.0,0.0,0.0,0.0,0.0,0.0,0.0,0.0,0.0,0.0,0.0,0.0,0.0,0.0,0.0,0.0,0.0,0.0,0.0,0.0,0.0,0.0,0.0,0.0,0.0,0.0,0.0,0.0,0.0,0.0,0.0,0.0,0.0,
Benjamin Uphoff,Goalkeeper,0.0,,0.0,0.0,0.0,,0.0,,,,0.0,,,,0.0,0.0,0.0,0.0,0.0,,,0.0,0.0,0.0,0.0,0.0,0.0,0.0,0.0,0.0,0.0,0.0,0.0,0.0,0.0,0.0,,,,,,,,
Florian Müller,Goalkeeper,0.0,,0.0,0.0,0.0,,0.0,,,,0.0,,,,0.0,0.0,0.0,0.0,0.0,,,0.0,0.0,0.0,0.0,0.0,0.0,0.0,0.0,0.0,0.0,0.0,0.0,0.0,0.0,0.0,,,,,,,,
Kenneth Schmidt,Defender,0.0,,0.0,0.0,0.0,,0.0,0.0,0.0,0.0,0.0,0.0,0.0,0.0,0.0,0.0,0.0,0.0,0.0,0.0,0.0,0.0,0.0,0.0,0.0,0.0,0.0,0.0,0.0,0.0,0.0,0.0,0.0,0.0,0.0,0.0,0.0,0.0,0.0,0.0,0.0,0.0,0.0,
Reno Münz,Defender,0.0,,0.0,0.0,0.0,,0.0,0.0,0.0,0.0,0.0,0.0,0.0,0.0,0.0,0.0,0.0,0.0,0.0,0.0,0.0,0.0,0.0,0.0,0.0,0.0,0.0,0.0,0.0,0.0,0.0,0.0,0.0,0.0,0.0,0.0,0.0,0.0,0.0,0.0,0.0,0.0,0.0,
Ayman Aourir,Midfielder,0.0,,0.0,0.0,0.0,0.0,0.0,0.0,0.0,0.0,0.0,0.0,0.0,0.0,0.0,0.0,0.0,0.0,0.0,0.0,0.0,0.0,0.0,0.0,0.0,0.0,0.0,0.0,0.0,0.0,0.0,0.0,0.0,0.0,0.0,0.0,,,0.0,0.0,0.0,0.0,,
Niklas Lomb,Goalkeeper,0.0,,0.0,0.0,0.0,,0.0,,,,0.0,,,,0.0,0.0,0.0,0.0,0.0,,,0.0,0.0,0.0,0.0,0.0,0.0,0.0,0.0,0.0,0.0,0.0,0.0,0.0,0.0,0.0,,,,,,,,
Timothy Fosu-Mensah,Defender,0.0,,0.0,0.0,0.0,,0.0,0.0,0.0,0.0,0.0,0.0,0.0,0.0,0.0,0.0,0.0,0.0,0.0,0.0,0.0,0.0,0.0,0.0,0.0,0.0,0.0,0.0,0.0,0.0,0.0,0.0,0.0,0.0,0.0,0.0,0.0,0.0,0.0,0.0,0.0,0.0,0.0,
Arthur,Defender,0.0,,0.0,0.0,0.0,,0.0,0.0,0.0,0.0,0.0,0.0,0.0,0.0,0.0,0.0,0.0,0.0,0.0,0.0,0.0,0.0,0.0,0.0,0.0,0.0,0.0,0.0,0.0,0.0,0.0,0.0,0.0,0.0,0.0,0.0,0.0,0.0,0.0,0.0,0.0,0.0,0.0,
Noah Mbamba,Midfielder,0.0,,0.0,0.0,0.0,0.0,0.0,0.0,0.0,0.0,0.0,0.0,0.0,0.0,0.0,0.0,0.0,0.0,0.0,0.0,0.0,0.0,0.0,0.0,0.0,0.0,0.0,0.0,0.0,0.0,0.0,0.0,0.0,0.0,0.0,0.0,,,0.0,0.0,0.0,0.0,,
Madi Monamay,Defender,0.0,,0.0,0.0,0.0,,0.0,0.0,0.0,0.0,0.0,0.0,0.0,0.0,0.0,0.0,0.0,0.0,0.0,0.0,0.0,0.0,0.0,0.0,0.0,0.0,0.0,0.0,0.0,0.0,0.0,0.0,0.0,0.0,0.0,0.0,0.0,0.0,0.0,0.0,0.0,0.0,0.0,
Elias Bakatukanda,Defender,0.0,,0.0,0.0,0.0,,0.0,0.0,0.0,0.0,0.0,0.0,0.0,0.0,0.0,0.0,0.0,0.0,0.0,0.0,0.0,0.0,0.0,0.0,0.0,0.0,0.0,0.0,0.0,0.0,0.0,0.0,0.0,0.0,0.0,0.0,0.0,0.0,0.0,0.0,0.0,0.0,0.0,
Florian Dietz,Forward,0.0,,0.0,0.0,0.0,0.0,0.0,0.0,0.0,0.0,0.0,0.0,0.0,0.0,0.0,0.0,0.0,0.0,0.0,0.0,0.0,0.0,0.0,0.0,0.0,0.0,0.0,0.0,0.0,0.0,0.0,0.0,0.0,,,,,,,,,,,
Jan Thielmann,Midfielder,0.0,,0.0,0.0,0.0,0.0,0.0,0.0,0.0,0.0,0.0,0.0,0.0,0.0,0.0,0.0,0.0,0.0,0.0,0.0,0.0,0.0,0.0,0.0,0.0,0.0,0.0,0.0,0.0,0.0,0.0,0.0,0.0,0.0,0.0,0.0,,,0.0,0.0,0.0,0.0,,
Jonas Nickisch,Goalkeeper,0.0,,0.0,0.0,0.0,,0.0,,,,0.0,,,,0.0,0.0,0.0,0.0,0.0,,,0.0,0.0,0.0,0.0,0.0,0.0,0.0,0.0,0.0,0.0,0.0,0.0,0.0,0.0,0.0,,,,,,,,
Mark Uth,Forward,32.6,,0.0,0.0,0.0,2.0,0.0,0.0,0.0,0.0,-0.30000000000000004,0.0,5.0,0.0,0.0,0.0,0.4,0.0,0.0,0.5,0.0,0.0,0.0,0.0,0.0,0.0,0.0,0.0,0.0,0.0,0.0,0.0,0.0,,,,,,,,,,,
Jacob Christensen,Midfielder,0.0,,0.0,0.0,0.0,0.0,0.0,0.0,0.0,0.0,0.0,0.0,0.0,0.0,0.0,0.0,0.0,0.0,0.0,0.0,0.0,0.0,0.0,0.0,0.0,0.0,0.0,0.0,0.0,0.0,0.0,0.0,0.0,0.0,0.0,0.0,,,0.0,0.0,0.0,0.0,,
Dimitris Limnios,Midfielder,0.0,,0.0,0.0,0.0,0.0,0.0,0.0,0.0,0.0,0.0,0.0,0.0,0.0,0.0,0.0,0.0,0.0,0.0,0.0,0.0,0.0,0.0,0.0,0.0,0.0,0.0,0.0,0.0,0.0,0.0,0.0,0.0,0.0,0.0,0.0,,,0.0,0.0,0.0,0.0,,
Matthias Köbbing,Goalkeeper,0.0,,0.0,0.0,0.0,,0.0,,,,0.0,,,,0.0,0.0,0.0,0.0,0.0,,,0.0,0.0,0.0,0.0,0.0,0.0,0.0,0.0,0.0,0.0,0.0,0.0,0.0,0.0,0.0,,,,,,,,
Noah Katterbach,Defender,0.0,,0.0,0.0,0.0,,0.0,0.0,0.0,0.0,0.0,0.0,0.0,0.0,0.0,0.0,0.0,0.0,0.0,0.0,0.0,0.0,0.0,0.0,0.0,0.0,0.0,0.0,0.0,0.0,0.0,0.0,0.0,0.0,0.0,0.0,0.0,0.0,0.0,0.0,0.0,0.0,0.0,
Philipp Pentke,Goalkeeper,0.0,,0.0,0.0,0.0,,0.0,,,,0.0,,,,0.0,0.0,0.0,0.0,0.0,,,0.0,0.0,0.0,0.0,0.0,0.0,0.0,0.0,0.0,0.0,0.0,0.0,0.0,0.0,0.0,,,,,,,,
Tim Köhler,Defender,0.0,,0.0,0.0,0.0,,0.0,0.0,0.0,0.0,0.0,0.0,0.0,0.0,0.0,0.0,0.0,0.0,0.0,0.0,0.0,0.0,0.0,0.0,0.0,0.0,0.0,0.0,0.0,0.0,0.0,0.0,0.0,0.0,0.0,0.0,0.0,0.0,0.0,0.0,0.0,0.0,0.0,
Péter Gulácsi,Goalkeeper,0.0,,0.0,0.0,0.0,,0.0,,,,0.0,,,,0.0,0.0,0.0,0.0,0.0,,,0.0,0.0,0.0,0.0,0.0,0.0,0.0,0.0,0.0,0.0,0.0,0.0,0.0,0.0,0.0,,,,,,,,
Willi Orbán,Defender,0.0,,0.0,0.0,0.0,,0.0,0.0,0.0,0.0,0.0,0.0,0.0,0.0,0.0,0.0,0.0,0.0,0.0,0.0,0.0,0.0,0.0,0.0,0.0,0.0,0.0,0.0,0.0,0.0,0.0,0.0,0.0,0.0,0.0,0.0,0.0,0.0,0.0,0.0,0.0,0.0,0.0,
Timo Schlieck,Goalkeeper,0.0,,0.0,0.0,0.0,,0.0,,,,0.0,,,,0.0,0.0,0.0,0.0,0.0,,,0.0,0.0,0.0,0.0,0.0,0.0,0.0,0.0,0.0,0.0,0.0,0.0,0.0,0.0,0.0,,,,,,,,
Ilaix Moriba,Midfielder,0.0,,0.0,0.0,0.0,0.0,0.0,0.0,0.0,0.0,0.0,0.0,0.0,0.0,0.0,0.0,0.0,0.0,0.0,0.0,0.0,0.0,0.0,0.0,0.0,0.0,0.0,0.0,0.0,0.0,0.0,0.0,0.0,0.0,0.0,0.0,,,0.0,0.0,0.0,0.0,,
El Chadaille Bitshiabu,Defender,0.0,,0.0,0.0,0.0,,0.0,0.0,0.0,0.0,0.0,0.0,0.0,0.0,0.0,0.0,0.0,0.0,0.0,0.0,0.0,0.0,0.0,0.0,0.0,0.0,0.0,0.0,0.0,0.0,0.0,0.0,0.0,0.0,0.0,0.0,0.0,0.0,0.0,0.0,0.0,0.0,0.0,
Leopold Zingerle,Goalkeeper,0.0,,0.0,0.0,0.0,,0.0,,,,0.0,,,,0.0,0.0,0.0,0.0,0.0,,,0.0,0.0,0.0,0.0,0.0,0.0,0.0,0.0,0.0,0.0,0.0,0.0,0.0,0.0,0.0,,,,,,,,
Christopher Lenz,Defender,33.0,,0.0,0.0,0.0,,0.0,0.0,0.0,0.0,-1.2,0.0,0.0,3.0,0.0,3.0,0.9,2.0,0.0,0.0,0.5,0.0,0.0,0.0,0.0,0.0,0.0,0.0,0.0,0.0,0.0,0.0,0.0,0.0,0.0,-0.2,0.0,0.0,0.0,0.0,0.0,0.0,0.0,
Jakob Busk,Goalkeeper,0.0,,0.0,0.0,0.0,,0.0,,,,0.0,,,,0.0,0.0,0.0,0.0,0.0,,,0.0,0.0,0.0,0.0,0.0,0.0,0.0,0.0,0.0,0.0,0.0,0.0,0.0,0.0,0.0,,,,,,,,
Aljoscha Kemlein,Midfielder,0.0,,0.0,0.0,0.0,0.0,0.0,0.0,0.0,0.0,0.0,0.0,0.0,0.0,0.0,0.0,0.0,0.0,0.0,0.0,0.0,0.0,0.0,0.0,0.0,0.0,0.0,0.0,0.0,0.0,0.0,0.0,0.0,0.0,0.0,0.0,,,0.0,0.0,0.0,0.0,,
Yannic Stein,Goalkeeper,0.0,,0.0,0.0,0.0,,0.0,,,,0.0,,,,0.0,0.0,0.0,0.0,0.0,,,0.0,0.0,0.0,0.0,0.0,0.0,0.0,0.0,0.0,0.0,0.0,0.0,0.0,0.0,0.0,,,,,,,,
András Schäfer,Midfielder,0.0,,0.0,0.0,0.0,0.0,0.0,0.0,0.0,0.0,0.0,0.0,0.0,0.0,0.0,0.0,0.0,0.0,0.0,0.0,0.0,0.0,0.0,0.0,0.0,0.0,0.0,0.0,0.0,0.0,0.0,0.0,0.0,0.0,0.0,0.0,,,0.0,0.0,0.0,0.0,,
Alexander Schwolow,Goalkeeper,0.0,,0.0,0.0,0.0,,0.0,,,,0.0,,,,0.0,0.0,0.0,0.0,0.0,,,0.0,0.0,0.0,0.0,0.0,0.0,0.0,0.0,0.0,0.0,0.0,0.0,0.0,0.0,0.0,,,,,,,,
Laurenz Dehl,Midfielder,0.0,,0.0,0.0,0.0,0.0,0.0,0.0,0.0,0.0,0.0,0.0,0.0,0.0,0.0,0.0,0.0,0.0,0.0,0.0,0.0,0.0,0.0,0.0,0.0,0.0,0.0,0.0,0.0,0.0,0.0,0.0,0.0,0.0,0.0,0.0,,,0.0,0.0,0.0,0.0,,
Kilian Fischer,Defender,0.0,,0.0,0.0,0.0,,0.0,0.0,0.0,0.0,0.0,0.0,0.0,0.0,0.0,0.0,0.0,0.0,0.0,0.0,0.0,0.0,0.0,0.0,0.0,0.0,0.0,0.0,0.0,0.0,0.0,0.0,0.0,0.0,0.0,0.0,0.0,0.0,0.0,0.0,0.0,0.0,0.0,
Felix Lange,Defender,0.0,,0.0,0.0,0.0,,0.0,0.0,0.0,0.0,0.0,0.0,0.0,0.0,0.0,0.0,0.0,0.0,0.0,0.0,0.0,0.0,0.0,0.0,0.0,0.0,0.0,0.0,0.0,0.0,0.0,0.0,0.0,0.0,0.0,0.0,0.0,0.0,0.0,0.0,0.0,0.0,0.0,
Dženan Pejčinović,Forward,0.0,,0.0,0.0,0.0,0.0,0.0,0.0,0.0,0.0,0.0,0.0,0.0,0.0,0.0,0.0,0.0,0.0,0.0,0.0,0.0,0.0,0.0,0.0,0.0,0.0,0.0,0.0,0.0,0.0,0.0,0.0,0.0,,,,,,,,,,,
Niklas Klinger,Goalkeeper,0.0,,0.0,0.0,0.0,,0.0,,,,0.0,,,,0.0,0.0,0.0,0.0,0.0,,,0.0,0.0,0.0,0.0,0.0,0.0,0.0,0.0,0.0,0.0,0.0,0.0,0.0,0.0,0.0,,,,,,,,
Philipp Schulze,Goalkeeper,0.0,,0.0,0.0,0.0,,0.0,,,,0.0,,,,0.0,0.0,0.0,0.0,0.0,,,0.0,0.0,0.0,0.0,0.0,0.0,0.0,0.0,0.0,0.0,0.0,0.0,0.0,0.0,0.0,,,,,,,,
Nicolas Cozza,Defender,16.2,,0.0,0.0,0.0,,0.0,0.0,0.0,0.0,-7.8,-16.0,4.5,0.0,0.0,0.0,3.1,1.6,0.0,0.0,0.0,0.0,0.0,0.0,0.0,0.0,0.0,0.0,0.0,0.0,0.0,0.0,0.0,-12.0,0.5,-1.2,0.0,1.0,3.0,0.0,0.0,1.5,3.0,
Lukas Nmecha,Forward,0.0,,0.0,0.0,0.0,0.0,0.0,0.0,0.0,0.0,0.0,0.0,0.0,0.0,0.0,0.0,0.0,0.0,0.0,0.0,0.0,0.0,0.0,0.0,0.0,0.0,0.0,0.0,0.0,0.0,0.0,0.0,0.0,,,,,,,,,,,
Ulysses Llanez,Forward,0.0,,0.0,0.0,0.0,0.0,0.0,0.0,0.0,0.0,0.0,0.0,0.0,0.0,0.0,0.0,0.0,0.0,0.0,0.0,0.0,0.0,0.0,0.0,0.0,0.0,0.0,0.0,0.0,0.0,0.0,0.0,0.0,,,,,,,,,,,
Max Schmitt,Goalkeeper,0.0,,0.0,0.0,0.0,,0.0,,,,0.0,,,,0.0,0.0,0.0,0.0,0.0,,,0.0,0.0,0.0,0.0,0.0,0.0,0.0,0.0,0.0,0.0,0.0,0.0,0.0,0.0,0.0,,,,,,,,
Luca Denk,Defender,0.0,,0.0,0.0,0.0,,0.0,0.0,0.0,0.0,0.0,0.0,0.0,0.0,0.0,0.0,0.0,0.0,0.0,0.0,0.0,0.0,0.0,0.0,0.0,0.0,0.0,0.0,0.0,0.0,0.0,0.0,0.0,0.0,0.0,0.0,0.0,0.0,0.0,0.0,0.0,0.0,0.0,
Taichi Fukui,Midfielder,0.0,,0.0,0.0,0.0,0.0,0.0,0.0,0.0,0.0,0.0,0.0,0.0,0.0,0.0,0.0,0.0,0.0,0.0,0.0,0.0,0.0,0.0,0.0,0.0,0.0,0.0,0.0,0.0,0.0,0.0,0.0,0.0,0.0,0.0,0.0,,,0.0,0.0,0.0,0.0,,
Serge Gnabry,Forward,0.0,,0.0,0.0,0.0,0.0,0.0,0.0,0.0,0.0,0.0,0.0,0.0,0.0,0.0,0.0,0.0,0.0,0.0,0.0,0.0,0.0,0.0,0.0,0.0,0.0,0.0,0.0,0.0,0.0,0.0,0.0,0.0,,,,,,,,,,,
Manuel Neuer,Goalkeeper,75.9,,0.0,0.0,0.0,,0.0,,,,-1.2,,,,0.0,0.0,2.0,0.0,0.0,,,0.0,0.0,8.0,4.0,0.0,0.0,0.0,3.5,0.0,0.0,0.0,0.0,0.0,0.4,-0.8,,,,,,,,
Aleksandar Pavlović,Midfielder,30.7,,0.0,0.0,-2.0,0.0,0.0,0.0,0.0,0.0,0.0,-2.4,1.6,0.0,0.0,0.0,1.4,2.1,0.0,0.5,0.0,0.0,0.0,0.0,0.0,0.0,0.0,0.0,0.0,0.0,0.0,0.0,0.0,0.0,0.5,0.0,,,3.0,0.0,0.0,1.0,,
Tom Hülsmann,Goalkeeper,0.0,,0.0,0.0,0.0,,0.0,,,,0.0,,,,0.0,0.0,0.0,0.0,0.0,,,0.0,0.0,0.0,0.0,0.0,0.0,0.0,0.0,0.0,0.0,0.0,0.0,0.0,0.0,0.0,,,,,,,,
Daniel Peretz,Goalkeeper,0.0,,0.0,0.0,0.0,,0.0,,,,0.0,,,,0.0,0.0,0.0,0.0,0.0,,,0.0,0.0,0.0,0.0,0.0,0.0,0.0,0.0,0.0,0.0,0.0,0.0,0.0,0.0,0.0,,,,,,,,
Tarek Buchmann,Defender,0.0,,0.0,0.0,0.0,,0.0,0.0,0.0,0.0,0.0,0.0,0.0,0.0,0.0,0.0,0.0,0.0,0.0,0.0,0.0,0.0,0.0,0.0,0.0,0.0,0.0,0.0,0.0,0.0,0.0,0.0,0.0,0.0,0.0,0.0,0.0,0.0,0.0,0.0,0.0,0.0,0.0,
Luke Gauer,Goalkeeper,0.0,,0.0,0.0,0.0,,0.0,,,,0.0,,,,0.0,0.0,0.0,0.0,0.0,,,0.0,0.0,0.0,0.0,0.0,0.0,0.0,0.0,0.0,0.0,0.0,0.0,0.0,0.0,0.0,,,,,,,,
Mehdi Loune,Midfielder,0.0,,0.0,0.0,0.0,0.0,0.0,0.0,0.0,0.0,0.0,0.0,0.0,0.0,0.0,0.0,0.0,0.0,0.0,0.0,0.0,0.0,0.0,0.0,0.0,0.0,0.0,0.0,0.0,0.0,0.0,0.0,0.0,0.0,0.0,0.0,,,0.0,0.0,0.0,0.0,,
Elias Baum,Defender,0.0,,0.0,0.0,0.0,,0.0,0.0,0.0,0.0,0.0,0.0,0.0,0.0,0.0,0.0,0.0,0.0,0.0,0.0,0.0,0.0,0.0,0.0,0.0,0.0,0.0,0.0,0.0,0.0,0.0,0.0,0.0,0.0,0.0,0.0,0.0,0.0,0.0,0.0,0.0,0.0,0.0,
Noel Futkeu,Forward,0.0,,0.0,0.0,0.0,0.0,0.0,0.0,0.0,0.0,0.0,0.0,0.0,0.0,0.0,0.0,0.0,0.0,0.0,0.0,0.0,0.0,0.0,0.0,0.0,0.0,0.0,0.0,0.0,0.0,0.0,0.0,0.0,,,,,,,,,,,
Sebastian Rode,Midfielder,0.0,,0.0,0.0,0.0,0.0,0.0,0.0,0.0,0.0,0.0,0.0,0.0,0.0,0.0,0.0,0.0,0.0,0.0,0.0,0.0,0.0,0.0,0.0,0.0,0.0,0.0,0.0,0.0,0.0,0.0,0.0,0.0,0.0,0.0,0.0,,,0.0,0.0,0.0,0.0,,
Dario Gebuhr,Defender,0.0,,0.0,0.0,0.0,,0.0,0.0,0.0,0.0,0.0,0.0,0.0,0.0,0.0,0.0,0.0,0.0,0.0,0.0,0.0,0.0,0.0,0.0,0.0,0.0,0.0,0.0,0.0,0.0,0.0,0.0,0.0,0.0,0.0,0.0,0.0,0.0,0.0,0.0,0.0,0.0,0.0,
Kauã Santos,Goalkeeper,0.0,,0.0,0.0,0.0,,0.0,,,,0.0,,,,0.0,0.0,0.0,0.0,0.0,,,0.0,0.0,0.0,0.0,0.0,0.0,0.0,0.0,0.0,0.0,0.0,0.0,0.0,0.0,0.0,,,,,,,,
Harpreet Ghotra,Midfielder,0.0,,0.0,0.0,0.0,0.0,0.0,0.0,0.0,0.0,0.0,0.0,0.0,0.0,0.0,0.0,0.0,0.0,0.0,0.0,0.0,0.0,0.0,0.0,0.0,0.0,0.0,0.0,0.0,0.0,0.0,0.0,0.0,0.0,0.0,0.0,,,0.0,0.0,0.0,0.0,,
Davis Bautista,Defender,0.0,,0.0,0.0,0.0,,0.0,0.0,0.0,0.0,0.0,0.0,0.0,0.0,0.0,0.0,0.0,0.0,0.0,0.0,0.0,0.0,0.0,0.0,0.0,0.0,0.0,0.0,0.0,0.0,0.0,0.0,0.0,0.0,0.0,0.0,0.0,0.0,0.0,0.0,0.0,0.0,0.0,
Marcel Wenig,Midfielder,0.0,,0.0,0.0,0.0,0.0,0.0,0.0,0.0,0.0,0.0,0.0,0.0,0.0,0.0,0.0,0.0,0.0,0.0,0.0,0.0,0.0,0.0,0.0,0.0,0.0,0.0,0.0,0.0,0.0,0.0,0.0,0.0,0.0,0.0,0.0,,,0.0,0.0,0.0,0.0,,
Simon Simoni,Goalkeeper,0.0,,0.0,0.0,0.0,,0.0,,,,0.0,,,,0.0,0.0,0.0,0.0,0.0,,,0.0,0.0,0.0,0.0,0.0,0.0,0.0,0.0,0.0,0.0,0.0,0.0,0.0,0.0,0.0,,,,,,,,
Lucas Alario,Forward,0.0,,0.0,0.0,0.0,0.0,0.0,0.0,0.0,0.0,0.0,0.0,0.0,0.0,0.0,0.0,0.0,0.0,0.0,0.0,0.0,0.0,0.0,0.0,0.0,0.0,0.0,0.0,0.0,0.0,0.0,0.0,0.0,,,,,,,,,,,
Spyridon Angelidis,Goalkeeper,0.0,,0.0,0.0,0.0,,0.0,,,,0.0,,,,0.0,0.0,0.0,0.0,0.0,,,0.0,0.0,0.0,0.0,0.0,0.0,0.0,0.0,0.0,0.0,0.0,0.0,0.0,0.0,0.0,,,,,,,,
Cimo Röcker,Defender,0.0,,0.0,0.0,0.0,,0.0,0.0,0.0,0.0,0.0,0.0,0.0,0.0,0.0,0.0,0.0,0.0,0.0,0.0,0.0,0.0,0.0,0.0,0.0,0.0,0.0,0.0,0.0,0.0,0.0,0.0,0.0,0.0,0.0,0.0,0.0,0.0,0.0,0.0,0.0,0.0,0.0,
Felix Agu,Defender,28.3,,0.0,0.0,0.0,,0.0,0.0,0.0,0.0,-1.8,0.0,0.0,0.0,0.0,3.0,0.7000000000000001,0.8,0.0,0.0,0.5,0.0,0.0,0.0,0.0,0.0,0.0,0.0,0.0,0.0,0.0,0.0,0.0,0.0,0.0,-0.4,0.0,0.0,0.0,0.0,0.0,0.5,0.0,
Eduardo Dos Santos Haesler,Goalkeeper,0.0,,0.0,0.0,0.0,,0.0,,,,0.0,,,,0.0,0.0,0.0,0.0,0.0,,,0.0,0.0,0.0,0.0,0.0,0.0,0.0,0.0,0.0,0.0,0.0,0.0,0.0,0.0,0.0,,,,,,,,
Leon Opitz,Midfielder,0.0,,0.0,0.0,0.0,0.0,0.0,0.0,0.0,0.0,0.0,0.0,0.0,0.0,0.0,0.0,0.0,0.0,0.0,0.0,0.0,0.0,0.0,0.0,0.0,0.0,0.0,0.0,0.0,0.0,0.0,0.0,0.0,0.0,0.0,0.0,,,0.0,0.0,0.0,0.0,,
Antonios Papadopoulos,Defender,0.0,,0.0,0.0,0.0,,0.0,0.0,0.0,0.0,0.0,0.0,0.0,0.0,0.0,0.0,0.0,0.0,0.0,0.0,0.0,0.0,0.0,0.0,0.0,0.0,0.0,0.0,0.0,0.0,0.0,0.0,0.0,0.0,0.0,0.0,0.0,0.0,0.0,0.0,0.0,0.0,0.0,
Guille Bueno,Defender,0.0,,0.0,0.0,0.0,,0.0,0.0,0.0,0.0,0.0,0.0,0.0,0.0,0.0,0.0,0.0,0.0,0.0,0.0,0.0,0.0,0.0,0.0,0.0,0.0,0.0,0.0,0.0,0.0,0.0,0.0,0.0,0.0,0.0,0.0,0.0,0.0,0.0,0.0,0.0,0.0,0.0,
Thomas Meunier,Defender,0.0,,0.0,0.0,0.0,,0.0,0.0,0.0,0.0,0.0,0.0,0.0,0.0,0.0,0.0,0.0,0.0,0.0,0.0,0.0,0.0,0.0,0.0,0.0,0.0,0.0,0.0,0.0,0.0,0.0,0.0,0.0,0.0,0.0,0.0,0.0,0.0,0.0,0.0,0.0,0.0,0.0,
Silas Ostrzinski,Goalkeeper,0.0,,0.0,0.0,0.0,,0.0,,,,0.0,,,,0.0,0.0,0.0,0.0,0.0,,,0.0,0.0,0.0,0.0,0.0,0.0,0.0,0.0,0.0,0.0,0.0,0.0,0.0,0.0,0.0,,,,,,,,
Samuel Bamba,Forward,0.0,,0.0,0.0,0.0,0.0,0.0,0.0,0.0,0.0,0.0,0.0,0.0,0.0,0.0,0.0,0.0,0.0,0.0,0.0,0.0,0.0,0.0,0.0,0.0,0.0,0.0,0.0,0.0,0.0,0.0,0.0,0.0,,,,,,,,,,,
Mateu Morey Bauza,Defender,0.0,,0.0,0.0,0.0,,0.0,0.0,0.0,0.0,0.0,0.0,0.0,0.0,0.0,0.0,0.0,0.0,0.0,0.0,0.0,0.0,0.0,0.0,0.0,0.0,0.0,0.0,0.0,0.0,0.0,0.0,0.0,0.0,0.0,0.0,0.0,0.0,0.0,0.0,0.0,0.0,0.0,
Marcel Lotka,Goalkeeper,0.0,,0.0,0.0,0.0,,0.0,,,,0.0,,,,0.0,0.0,0.0,0.0,0.0,,,0.0,0.0,0.0,0.0,0.0,0.0,0.0,0.0,0.0,0.0,0.0,0.0,0.0,0.0,0.0,,,,,,,,
Ole Pohlmann,Midfielder,0.0,,0.0,0.0,0.0,0.0,0.0,0.0,0.0,0.0,0.0,0.0,0.0,0.0,0.0,0.0,0.0,0.0,0.0,0.0,0.0,0.0,0.0,0.0,0.0,0.0,0.0,0.0,0.0,0.0,0.0,0.0,0.0,0.0,0.0,0.0,,,0.0,0.0,0.0,0.0,,
Hendry Blank,Defender,0.0,,0.0,0.0,0.0,,0.0,0.0,0.0,0.0,0.0,0.0,0.0,0.0,0.0,0.0,0.0,0.0,0.0,0.0,0.0,0.0,0.0,0.0,0.0,0.0,0.0,0.0,0.0,0.0,0.0,0.0,0.0,0.0,0.0,0.0,0.0,0.0,0.0,0.0,0.0,0.0,0.0,
Alexander Meyer,Goalkeeper,31.1,,0.0,0.0,0.0,,0.0,,,,-0.6000000000000001,,,,0.0,0.0,2.1,0.0,0.0,,,0.0,0.0,2.0,2.0,3.0,0.0,0.0,0.0,0.0,0.0,0.0,0.0,-3.0,1.0,-0.4,,,,,,,,
Abdoulaye Kamara,Midfielder,0.0,,0.0,0.0,0.0,0.0,0.0,0.0,0.0,0.0,0.0,0.0,0.0,0.0,0.0,0.0,0.0,0.0,0.0,0.0,0.0,0.0,0.0,0.0,0.0,0.0,0.0,0.0,0.0,0.0,0.0,0.0,0.0,0.0,0.0,0.0,,,0.0,0.0,0.0,0.0,,
Julien Duranville,Forward,0.0,,0.0,0.0,0.0,0.0,0.0,0.0,0.0,0.0,0.0,0.0,0.0,0.0,0.0,0.0,0.0,0.0,0.0,0.0,0.0,0.0,0.0,0.0,0.0,0.0,0.0,0.0,0.0,0.0,0.0,0.0,0.0,,,,,,,,,,,
Mohammed Tolba,Defender,0.0,,0.0,0.0,0.0,,0.0,0.0,0.0,0.0,0.0,0.0,0.0,0.0,0.0,0.0,0.0,0.0,0.0,0.0,0.0,0.0,0.0,0.0,0.0,0.0,0.0,0.0,0.0,0.0,0.0,0.0,0.0,0.0,0.0,0.0,0.0,0.0,0.0,0.0,0.0,0.0,0.0,
Niclas Thiede,Goalkeeper,0.0,,0.0,0.0,0.0,,0.0,,,,0.0,,,,0.0,0.0,0.0,0.0,0.0,,,0.0,0.0,0.0,0.0,0.0,0.0,0.0,0.0,0.0,0.0,0.0,0.0,0.0,0.0,0.0,,,,,,,,
Michael Esser,Goalkeeper,0.0,,0.0,0.0,0.0,,0.0,,,,0.0,,,,0.0,0.0,0.0,0.0,0.0,,,0.0,0.0,0.0,0.0,0.0,0.0,0.0,0.0,0.0,0.0,0.0,0.0,0.0,0.0,0.0,,,,,,,,
Mats Pannewig,Midfielder,0.0,,0.0,0.0,0.0,0.0,0.0,0.0,0.0,0.0,0.0,0.0,0.0,0.0,0.0,0.0,0.0,0.0,0.0,0.0,0.0,0.0,0.0,0.0,0.0,0.0,0.0,0.0,0.0,0.0,0.0,0.0,0.0,0.0,0.0,0.0,,,0.0,0.0,0.0,0.0,,
Jordi Osei-Tutu,Midfielder,0.0,,0.0,0.0,0.0,0.0,0.0,0.0,0.0,0.0,0.0,0.0,0.0,0.0,0.0,0.0,0.0,0.0,0.0,0.0,0.0,0.0,0.0,0.0,0.0,0.0,0.0,0.0,0.0,0.0,0.0,0.0,0.0,0.0,0.0,0.0,,,0.0,0.0,0.0,0.0,,
Tim Oermann,Defender,0.0,,0.0,0.0,0.0,,0.0,0.0,0.0,0.0,0.0,0.0,0.0,0.0,0.0,0.0,0.0,0.0,0.0,0.0,0.0,0.0,0.0,0.0,0.0,0.0,0.0,0.0,0.0,0.0,0.0,0.0,0.0,0.0,0.0,0.0,0.0,0.0,0.0,0.0,0.0,0.0,0.0,
Moritz Römling,Defender,0.0,,0.0,0.0,0.0,,0.0,0.0,0.0,0.0,0.0,0.0,0.0,0.0,0.0,0.0,0.0,0.0,0.0,0.0,0.0,0.0,0.0,0.0,0.0,0.0,0.0,0.0,0.0,0.0,0.0,0.0,0.0,0.0,0.0,0.0,0.0,0.0,0.0,0.0,0.0,0.0,0.0,
Leonhard Schroetter,Defender,0.0,,0.0,0.0,0.0,,0.0,0.0,0.0,0.0,0.0,0.0,0.0,0.0,0.0,0.0,0.0,0.0,0.0,0.0,0.0,0.0,0.0,0.0,0.0,0.0,0.0,0.0,0.0,0.0,0.0,0.0,0.0,0.0,0.0,0.0,0.0,0.0,0.0,0.0,0.0,0.0,0.0,
Marcel Łubik,Goalkeeper,0.0,,0.0,0.0,0.0,,0.0,,,,0.0,,,,0.0,0.0,0.0,0.0,0.0,,,0.0,0.0,0.0,0.0,0.0,0.0,0.0,0.0,0.0,0.0,0.0,0.0,0.0,0.0,0.0,,,,,,,,
Reece Oxford,Defender,0.0,,0.0,0.0,0.0,,0.0,0.0,0.0,0.0,0.0,0.0,0.0,0.0,0.0,0.0,0.0,0.0,0.0,0.0,0.0,0.0,0.0,0.0,0.0,0.0,0.0,0.0,0.0,0.0,0.0,0.0,0.0,0.0,0.0,0.0,0.0,0.0,0.0,0.0,0.0,0.0,0.0,
Tomáš Koubek,Goalkeeper,0.0,,0.0,0.0,0.0,,0.0,,,,0.0,,,,0.0,0.0,0.0,0.0,0.0,,,0.0,0.0,0.0,0.0,0.0,0.0,0.0,0.0,0.0,0.0,0.0,0.0,0.0,0.0,0.0,,,,,,,,
Mert Kömür,Midfielder,0.0,,0.0,0.0,0.0,0.0,0.0,0.0,0.0,0.0,0.0,0.0,0.0,0.0,0.0,0.0,0.0,0.0,0.0,0.0,0.0,0.0,0.0,0.0,0.0,0.0,0.0,0.0,0.0,0.0,0.0,0.0,0.0,0.0,0.0,0.0,,,0.0,0.0,0.0,0.0,,
Aaron Zehnter,Defender,0.0,,0.0,0.0,0.0,,0.0,0.0,0.0,0.0,0.0,0.0,0.0,0.0,0.0,0.0,0.0,0.0,0.0,0.0,0.0,0.0,0.0,0.0,0.0,0.0,0.0,0.0,0.0,0.0,0.0,0.0,0.0,0.0,0.0,0.0,0.0,0.0,0.0,0.0,0.0,0.0,0.0,
David Čolina,Defender,0.0,,0.0,0.0,0.0,,0.0,0.0,0.0,0.0,0.0,0.0,0.0,0.0,0.0,0.0,0.0,0.0,0.0,0.0,0.0,0.0,0.0,0.0,0.0,0.0,0.0,0.0,0.0,0.0,0.0,0.0,0.0,0.0,0.0,0.0,0.0,0.0,0.0,0.0,0.0,0.0,0.0,
Masaya Okugawa,Midfielder,25.2,,0.0,0.0,0.0,0.0,0.0,0.0,0.0,0.0,-1.5,0.0,0.8,0.0,0.0,0.0,0.0,0.0,0.0,0.0,0.0,0.0,0.0,0.0,0.0,0.0,0.0,0.0,0.0,0.0,0.0,0.0,0.0,0.0,0.0,-0.6000000000000001,,,0.0,1.0,0.0,0.5,,
Raphael Framberger,Defender,0.0,,0.0,0.0,0.0,,0.0,0.0,0.0,0.0,0.0,0.0,0.0,0.0,0.0,0.0,0.0,0.0,0.0,0.0,0.0,0.0,0.0,0.0,0.0,0.0,0.0,0.0,0.0,0.0,0.0,0.0,0.0,0.0,0.0,0.0,0.0,0.0,0.0,0.0,0.0,0.0,0.0,
Nathanaël Mbuku,Forward,0.0,,0.0,0.0,0.0,0.0,0.0,0.0,0.0,0.0,0.0,0.0,0.0,0.0,0.0,0.0,0.0,0.0,0.0,0.0,0.0,0.0,0.0,0.0,0.0,0.0,0.0,0.0,0.0,0.0,0.0,0.0,0.0,,,,,,,,,,,
Frederik Winther,Defender,0.0,,0.0,0.0,0.0,,0.0,0.0,0.0,0.0,0.0,0.0,0.0,0.0,0.0,0.0,0.0,0.0,0.0,0.0,0.0,0.0,0.0,0.0,0.0,0.0,0.0,0.0,0.0,0.0,0.0,0.0,0.0,0.0,0.0,0.0,0.0,0.0,0.0,0.0,0.0,0.0,0.0,
Japhet Tanganga,Defender,0.0,,0.0,0.0,0.0,,0.0,0.0,0.0,0.0,0.0,0.0,0.0,0.0,0.0,0.0,0.0,0.0,0.0,0.0,0.0,0.0,0.0,0.0,0.0,0.0,0.0,0.0,0.0,0.0,0.0,0.0,0.0,0.0,0.0,0.0,0.0,0.0,0.0,0.0,0.0,0.0,0.0,
Patrick Herrmann,Forward,27.7,,0.0,0.0,-0.5,0.0,0.0,0.0,0.0,0.0,-0.4,-2.0,0.0,3.0,0.0,2.0,0.4,0.2,0.0,0.0,0.0,0.0,0.0,0.0,0.0,0.0,0.0,0.0,0.0,0.0,0.0,0.0,0.0,,,,,,,,,,,
Tobias Sippel,Goalkeeper,0.0,,0.0,0.0,0.0,,0.0,,,,0.0,,,,0.0,0.0,0.0,0.0,0.0,,,0.0,0.0,0.0,0.0,0.0,0.0,0.0,0.0,0.0,0.0,0.0,0.0,0.0,0.0,0.0,,,,,,,,
Stefan Lainer,Defender,0.0,,0.0,0.0,0.0,,0.0,0.0,0.0,0.0,0.0,0.0,0.0,0.0,0.0,0.0,0.0,0.0,0.0,0.0,0.0,0.0,0.0,0.0,0.0,0.0,0.0,0.0,0.0,0.0,0.0,0.0,0.0,0.0,0.0,0.0,0.0,0.0,0.0,0.0,0.0,0.0,0.0,
Yvandro Borges Sanches,Forward,0.0,,0.0,0.0,0.0,0.0,0.0,0.0,0.0,0.0,0.0,0.0,0.0,0.0,0.0,0.0,0.0,0.0,0.0,0.0,0.0,0.0,0.0,0.0,0.0,0.0,0.0,0.0,0.0,0.0,0.0,0.0,0.0,,,,,,,,,,,
Jan Olschowsky,Goalkeeper,0.0,,0.0,0.0,0.0,,0.0,,,,0.0,,,,0.0,0.0,0.0,0.0,0.0,,,0.0,0.0,0.0,0.0,0.0,0.0,0.0,0.0,0.0,0.0,0.0,0.0,0.0,0.0,0.0,,,,,,,,
Simon Walde,Defender,0.0,,0.0,0.0,0.0,,0.0,0.0,0.0,0.0,0.0,0.0,0.0,0.0,0.0,0.0,0.0,0.0,0.0,0.0,0.0,0.0,0.0,0.0,0.0,0.0,0.0,0.0,0.0,0.0,0.0,0.0,0.0,0.0,0.0,0.0,0.0,0.0,0.0,0.0,0.0,0.0,0.0,
Hannes Wolf,Midfielder,0.0,,0.0,0.0,0.0,0.0,0.0,0.0,0.0,0.0,0.0,0.0,0.0,0.0,0.0,0.0,0.0,0.0,0.0,0.0,0.0,0.0,0.0,0.0,0.0,0.0,0.0,0.0,0.0,0.0,0.0,0.0,0.0,0.0,0.0,0.0,,,0.0,0.0,0.0,0.0,,
Fabio Chiarodia,Defender,27.1,,0.0,0.0,0.0,,0.0,0.0,0.0,0.0,0.0,-4.0,1.5,3.0,0.0,0.0,0.1,0.0,0.0,0.0,0.0,0.0,0.0,0.0,0.0,0.0,0.0,0.0,0.0,0.0,0.0,0.0,0.0,0.0,0.5,0.0,0.0,0.5,0.0,0.0,0.0,0.5,0.0,
Maximilian Brüll,Goalkeeper,0.0,,0.0,0.0,0.0,,0.0,,,,0.0,,,,0.0,0.0,0.0,0.0,0.0,,,0.0,0.0,0.0,0.0,0.0,0.0,0.0,0.0,0.0,0.0,0.0,0.0,0.0,0.0,0.0,,,,,,,,
Jonas Omlin,Goalkeeper,0.0,,0.0,0.0,0.0,,0.0,,,,0.0,,,,0.0,0.0,0.0,0.0,0.0,,,0.0,0.0,0.0,0.0,0.0,0.0,0.0,0.0,0.0,0.0,0.0,0.0,0.0,0.0,0.0,,,,,,,,
Lukas Ullrich,Defender,0.0,,0.0,0.0,0.0,,0.0,0.0,0.0,0.0,0.0,0.0,0.0,0.0,0.0,0.0,0.0,0.0,0.0,0.0,0.0,0.0,0.0,0.0,0.0,0.0,0.0,0.0,0.0,0.0,0.0,0.0,0.0,0.0,0.0,0.0,0.0,0.0,0.0,0.0,0.0,0.0,0.0,
Bo Svensson,,,,,,,,,,,,,,,,,,,,,,,,,,,,,,,,,,,,,,,,,,,,,
Torsten Lieberknecht,,,,,,,,,,,,,,,,,,,,,,,,,,,,,,,,,,,,,,,,,,,,,
Sebastian Hoeneß,,,,,,,,,,,,,,,,,,,,,,,,,,,,,,,,,,,,,,,,,,,,,
Frank Schmidt,,,,,,,,,,,,,,,,,,,,,,,,,,,,,,,,,,,,,,,,,,,,,
Pellegrino Matarazzo,,,,,,,,,,,,,,,,,,,,,,,,,,,,,,,,,,,,,,,,,,,,,
Christian Streich,,,,,,,,,,,,,,,,,,,,,,,,,,,,,,,,,,,,,,,,,,,,,
Xabi Alonso,,,,,,,,,,,,,,,,,,,,,,,,,,,,,,,,,,,,,,,,,,,,,
Steffen Baumgart,,,,,,,,,,,,,,,,,,,,,,,,,,,,,,,,,,,,,,,,,,,,,
Marco Rose,,,,,,,,,,,,,,,,,,,,,,,,,,,,,,,,,,,,,,,,,,,,,
Urs Fischer,,,,,,,,,,,,,,,,,,,,,,,,,,,,,,,,,,,,,,,,,,,,,
Niko Kovač,,,,,,,,,,,,,,,,,,,,,,,,,,,,,,,,,,,,,,,,,,,,,
Thomas Tuchel,,,,,,,,,,,,,,,,,,,,,,,,,,,,,,,,,,,,,,,,,,,,,
Dino Toppmöller,,,,,,,,,,,,,,,,,,,,,,,,,,,,,,,,,,,,,,,,,,,,,
Ole Werner,,,,,,,,,,,,,,,,,,,,,,,,,,,,,,,,,,,,,,,,,,,,,
Edin Terzić,,,,,,,,,,,,,,,,,,,,,,,,,,,,,,,,,,,,,,,,,,,,,
Thomas Letsch,,,,,,,,,,,,,,,,,,,,,,,,,,,,,,,,,,,,,,,,,,,,,
Jess Thorup,,,,,,,,,,,,,,,,,,,,,,,,,,,,,,,,,,,,,,,,,,,,,
Gerardo Seoane,,,,,,,,,,,,,,,,,,,,,,,,,,,,,,,,,,,,,,,,,,,,,
